{"stats":{"minecraft:used":{"alexsmobs:animal_dictionary":1},"minecraft:dropped":{"alexsmobs:animal_dictionary":1},"minecraft:custom":{"minecraft:jump":51,"minecraft:open_chest":6,"minecraft:time_since_rest":14012,"minecraft:interact_with_smithing_table":2,"minecraft:crouch_one_cm":1,"minecraft:leave_game":2,"minecraft:play_time":14012,"minecraft:sprint_one_cm":36011,"minecraft:time_since_death":14012,"minecraft:walk_one_cm":27710,"minecraft:bell_ring":3,"minecraft:sneak_time":9,"minecraft:total_world_time":14012,"minecraft:talked_to_villager":1,"minecraft:interact_with_crafting_table":1,"minecraft:drop":1,"minecraft:fly_one_cm":297263}},"DataVersion":3120}