{"stats":{"minecraft:picked_up":{"minecraft:spruce_log":1},"minecraft:used":{"minecraft:crafting_table":1},"minecraft:custom":{"minecraft:jump":6,"minecraft:time_since_rest":858,"minecraft:damage_taken":60,"minecraft:sprint_one_cm":562,"minecraft:play_time":858,"minecraft:time_since_death":858,"minecraft:walk_one_cm":1485,"minecraft:total_world_time":858,"minecraft:fall_one_cm":855,"minecraft:interact_with_crafting_table":1,"minecraft:fly_one_cm":785},"minecraft:crafted":{"minecraft:crafting_table":1,"minecraft:spruce_planks":4},"minecraft:mined":{"minecraft:spruce_leaves":1,"minecraft:spruce_log":1}},"DataVersion":3337}