{"stats":{"minecraft:used":{"alexsmobs:animal_dictionary":1},"minecraft:killed":{"minecraft:zombie":1},"minecraft:dropped":{"alexsmobs:animal_dictionary":1},"minecraft:custom":{"minecraft:time_since_rest":26012,"minecraft:open_chest":7,"minecraft:interact_with_smithing_table":2,"minecraft:crouch_one_cm":1585,"minecraft:sprint_one_cm":90863,"minecraft:play_time":26012,"tombstone:undead_killed":1,"minecraft:damage_taken":100,"minecraft:walk_one_cm":68066,"minecraft:sneak_time":300,"minecraft:bell_ring":3,"minecraft:walk_under_water_one_cm":3718,"minecraft:mob_kills":1,"minecraft:drop":1,"minecraft:jump":232,"minecraft:damage_dealt":136,"minecraft:leave_game":2,"minecraft:walk_on_water_one_cm":1012,"minecraft:time_since_death":26012,"minecraft:interact_with_smoker":1,"minecraft:total_world_time":26012,"minecraft:swim_one_cm":1501,"minecraft:interact_with_crafting_table":1,"minecraft:talked_to_villager":1,"minecraft:fall_one_cm":3460,"minecraft:fly_one_cm":563356}},"DataVersion":3120}