{"stats":{"minecraft:used":{"alexsmobs:animal_dictionary":1},"minecraft:killed":{"minecraft:zombie":1},"minecraft:dropped":{"minecraft:gravel":1,"alexsmobs:animal_dictionary":1},"minecraft:custom":{"minecraft:time_since_rest":36902,"minecraft:open_chest":7,"minecraft:interact_with_smithing_table":2,"minecraft:crouch_one_cm":1776,"minecraft:sprint_one_cm":104245,"minecraft:play_time":36902,"tombstone:undead_killed":1,"minecraft:damage_taken":100,"minecraft:walk_one_cm":98003,"minecraft:sneak_time":584,"minecraft:bell_ring":3,"minecraft:walk_under_water_one_cm":3826,"minecraft:mob_kills":1,"minecraft:drop":2,"minecraft:jump":334,"minecraft:damage_dealt":156,"minecraft:leave_game":3,"minecraft:walk_on_water_one_cm":1192,"minecraft:time_since_death":36902,"minecraft:climb_one_cm":77,"minecraft:interact_with_smoker":1,"minecraft:total_world_time":36902,"minecraft:swim_one_cm":1501,"minecraft:interact_with_crafting_table":1,"minecraft:talked_to_villager":1,"minecraft:fall_one_cm":3460,"minecraft:fly_one_cm":712056},"minecraft:picked_up":{"minecraft:gravel":1}},"DataVersion":3120}