{"stats":{"minecraft:crafted":{"minecraft:diamond_boots":1,"minecraft:diamond_sword":1,"minecraft:diamond_leggings":1,"minecraft:diamond_chestplate":1},"minecraft:killed_by":{"minecraft:player":1},"minecraft:picked_up":{"minecraft:diamond":22,"alexsmobs:animal_dictionary":1},"minecraft:used":{"minecraft:diamond_sword":1,"tombstone:gift":2,"tombstone:magic_scroll":14,"alexsmobs:animal_dictionary":1,"minecraft:iron_sword":9},"minecraft:dropped":{"alexsmobs:animal_dictionary":2},"minecraft:custom":{"minecraft:open_chest":17,"minecraft:time_since_rest":6201,"minecraft:play_time":8788,"minecraft:interact_with_furnace":3,"minecraft:sprint_one_cm":9592,"minecraft:deaths":1,"minecraft:damage_taken":551,"minecraft:walk_one_cm":14835,"minecraft:interact_with_anvil":1,"minecraft:drop":2,"minecraft:jump":27,"minecraft:interact_with_brewingstand":3,"minecraft:interact_with_blast_furnace":4,"minecraft:damage_dealt":243,"minecraft:time_since_death":6361,"minecraft:total_world_time":8788,"minecraft:interact_with_smoker":2,"minecraft:climb_one_cm":432,"minecraft:interact_with_crafting_table":4,"minecraft:fall_one_cm":520,"minecraft:fly_one_cm":4729}},"DataVersion":3120}