{"stats":{"minecraft:crafted":{"minecraft:diamond_sword":1,"minecraft:diamond_leggings":1,"minecraft:cooked_porkchop":4,"minecraft:diamond_boots":1,"minecraft:air":0,"minecraft:diamond_chestplate":1},"minecraft:mined":{"biomesoplenty:small_rose_quartz_bud":1,"minecraft:spruce_fence":1,"biomesoplenty:rose_quartz_block":3},"minecraft:killed_by":{"minecraft:player":3},"minecraft:used":{"minecraft:iron_pickaxe":3,"tombstone:magic_scroll":14,"minecraft:iron_sword":9,"minecraft:diamond_sword":4,"minecraft:cooked_porkchop":4,"biomesoplenty:rose_quartz_block":3,"tombstone:gift":2,"alexsmobs:animal_dictionary":1,"minecraft:spruce_fence":1},"minecraft:picked_up":{"biomesoplenty:rose_quartz_block":4,"minecraft:cooked_porkchop":1,"minecraft:spruce_fence":1,"dynamictrees:acacia_seed":1,"minecraft:golden_sword":1,"biomesoplenty:rose_quartz_shard":2,"alexsmobs:animal_dictionary":1,"minecraft:rotten_flesh":3,"alexsmobs:dropbear_claw":8,"minecraft:diamond":22,"minecraft:wheat_seeds":24,"minecraft:gold_nugget":6,"minecraft:iron_pickaxe":1},"minecraft:dropped":{"minecraft:diamond_sword":1,"minecraft:wheat_seeds":24,"biomesoplenty:rose_quartz_block":1,"minecraft:diamond_chestplate":1,"alexsmobs:animal_dictionary":2,"alexsmobs:dropbear_claw":8,"minecraft:cooked_porkchop":1,"minecraft:diamond_leggings":1,"tombstone:gift":1,"minecraft:golden_sword":1,"minecraft:rotten_flesh":3,"minecraft:gold_nugget":6,"minecraft:diamond_boots":1,"minecraft:iron_axe":1,"minecraft:iron_pickaxe":2,"dynamictrees:acacia_seed":1,"biomesoplenty:rose_quartz_shard":2},"minecraft:custom":{"minecraft:time_since_rest":1196,"minecraft:interact_with_smithing_table":1,"minecraft:interact_with_furnace":3,"minecraft:sprint_one_cm":31229,"minecraft:damage_taken":1412,"minecraft:walk_one_cm":46129,"minecraft:interact_with_anvil":1,"minecraft:mob_kills":17,"minecraft:drop":29,"minecraft:damage_dealt":3692,"minecraft:interact_with_crafting_table":4,"minecraft:fly_one_cm":42254,"minecraft:open_chest":19,"minecraft:play_time":32788,"tombstone:undead_killed":13,"minecraft:deaths":3,"minecraft:sneak_time":11,"minecraft:jump":195,"minecraft:interact_with_brewingstand":3,"minecraft:interact_with_blast_furnace":5,"minecraft:time_since_death":1830,"minecraft:climb_one_cm":432,"minecraft:interact_with_smoker":4,"minecraft:total_world_time":32788,"minecraft:damage_resisted":256,"minecraft:fall_one_cm":6485},"minecraft:killed":{"alexsmobs:dropbear":4,"minecraft:zombified_piglin":13}},"DataVersion":3120}