{"stats":{"minecraft:crafted":{"minecraft:diamond_sword":1,"minecraft:cooked_porkchop":4,"minecraft:air":0,"minecraft:diamond_leggings":1,"minecraft:diamond_boots":1,"minecraft:diamond_chestplate":1},"minecraft:mined":{"biomesoplenty:small_rose_quartz_bud":1,"minecraft:spruce_fence":1,"biomesoplenty:rose_quartz_block":3,"minecraft:nether_brick_stairs":2,"minecraft:polished_blackstone":3},"minecraft:killed_by":{"minecraft:player":3},"minecraft:used":{"minecraft:iron_sword":9,"minecraft:rotten_flesh":1,"minecraft:spruce_fence":1,"cataclysm:infernal_forge":55,"minecraft:iron_pickaxe":3,"tombstone:magic_scroll":14,"minecraft:diamond_sword":4,"minecraft:cobblestone":2,"minecraft:cooked_porkchop":10,"biomesoplenty:rose_quartz_block":3,"tombstone:gift":2,"alexsmobs:animal_dictionary":1},"minecraft:picked_up":{"cataclysm:ignitium_ingot":6,"minecraft:red_mushroom":1,"biomesoplenty:rose_quartz_shard":2,"minecraft:golden_sword":1,"minecraft:bone":2,"cataclysm:infernal_forge":1,"alexsmobs:dropbear_claw":8,"minecraft:wheat_seeds":24,"minecraft:gold_nugget":6,"minecraft:netherite_sword":8,"minecraft:iron_pickaxe":1,"biomesoplenty:rose_quartz_block":4,"minecraft:polished_blackstone_stairs":2,"minecraft:cooked_porkchop":1,"minecraft:spruce_fence":1,"dynamictrees:acacia_seed":1,"minecraft:nether_brick_stairs":4,"alexsmobs:animal_dictionary":1,"cataclysm:bulwark_of_the_flame":1,"minecraft:rotten_flesh":8,"minecraft:diamond":22,"minecraft:polished_basalt":27,"cataclysm:the_incinerator":1,"minecraft:polished_blackstone":2,"minecraft:cobblestone":64},"minecraft:dropped":{"minecraft:nether_brick_stairs":4,"minecraft:wheat_seeds":24,"cataclysm:ignitium_ingot":6,"minecraft:blaze_rod":25,"alexsmobs:animal_dictionary":2,"minecraft:polished_blackstone":2,"minecraft:diamond":21,"minecraft:cooked_porkchop":31,"minecraft:netherite_sword":11,"minecraft:diamond_leggings":1,"cataclysm:the_incinerator":1,"tombstone:gift":1,"minecraft:cobblestone":62,"minecraft:rotten_flesh":4,"cataclysm:bulwark_of_the_flame":1,"minecraft:red_mushroom":1,"biomesoplenty:rose_quartz_shard":2,"minecraft:polished_blackstone_stairs":2,"minecraft:emerald":2,"minecraft:diamond_sword":1,"biomesoplenty:rose_quartz_block":1,"minecraft:diamond_chestplate":1,"alexsmobs:dropbear_claw":8,"minecraft:golden_sword":1,"minecraft:gold_nugget":6,"minecraft:diamond_boots":1,"minecraft:iron_axe":1,"minecraft:polished_basalt":27,"cataclysm:infernal_forge":1,"minecraft:iron_pickaxe":2,"dynamictrees:acacia_seed":1,"minecraft:bone":2},"minecraft:custom":{"minecraft:interact_with_smithing_table":1,"minecraft:interact_with_furnace":3,"minecraft:mob_kills":30,"minecraft:interact_with_anvil":1,"minecraft:interact_with_crafting_table":5,"minecraft:leave_game":1,"minecraft:time_since_death":33084,"minecraft:climb_one_cm":432,"minecraft:damage_resisted":18603,"minecraft:time_since_rest":32450,"minecraft:damage_taken":1462,"minecraft:sprint_one_cm":50278,"minecraft:walk_one_cm":158503,"minecraft:drop":60,"minecraft:damage_dealt":22336,"minecraft:player_kills":1,"minecraft:fly_one_cm":82308,"minecraft:open_chest":20,"minecraft:play_time":64042,"tombstone:undead_killed":23,"minecraft:deaths":3,"minecraft:sneak_time":12,"minecraft:jump":339,"minecraft:interact_with_brewingstand":3,"minecraft:interact_with_blast_furnace":5,"minecraft:total_world_time":64042,"minecraft:interact_with_smoker":4,"minecraft:fall_one_cm":14277,"minecraft:horse_one_cm":135613},"minecraft:killed":{"alexsmobs:dropbear":4,"minecraft:zombified_piglin":16,"minecraft:creeper":1,"minecraft:skeleton":2,"minecraft:zombie":4,"cataclysm:ignis":2,"minecraft:skeleton_horse":1}},"DataVersion":3120}