{"stats":{"minecraft:crafted":{"minecraft:diamond_sword":1,"minecraft:cooked_porkchop":4,"minecraft:air":0,"minecraft:diamond_leggings":1,"minecraft:diamond_boots":1,"minecraft:diamond_chestplate":1},"minecraft:mined":{"biomesoplenty:small_rose_quartz_bud":1,"minecraft:spruce_fence":1,"biomesoplenty:rose_quartz_block":3,"minecraft:nether_brick_stairs":2,"minecraft:polished_blackstone":3},"minecraft:killed_by":{"minecraft:player":3},"minecraft:used":{"minecraft:iron_sword":9,"minecraft:rotten_flesh":1,"minecraft:spruce_fence":1,"cataclysm:infernal_forge":55,"minecraft:iron_pickaxe":3,"tombstone:magic_scroll":14,"minecraft:diamond_sword":4,"minecraft:cobblestone":2,"minecraft:cooked_porkchop":8,"biomesoplenty:rose_quartz_block":3,"tombstone:gift":2,"alexsmobs:animal_dictionary":1},"minecraft:picked_up":{"cataclysm:ignitium_ingot":6,"minecraft:red_mushroom":1,"biomesoplenty:rose_quartz_shard":2,"minecraft:golden_sword":1,"cataclysm:infernal_forge":1,"alexsmobs:dropbear_claw":8,"minecraft:wheat_seeds":24,"minecraft:gold_nugget":6,"minecraft:iron_pickaxe":1,"biomesoplenty:rose_quartz_block":4,"minecraft:polished_blackstone_stairs":2,"minecraft:cooked_porkchop":1,"minecraft:spruce_fence":1,"dynamictrees:acacia_seed":1,"minecraft:nether_brick_stairs":2,"alexsmobs:animal_dictionary":1,"minecraft:rotten_flesh":5,"minecraft:diamond":22,"minecraft:polished_basalt":27,"minecraft:polished_blackstone":1,"minecraft:cobblestone":64},"minecraft:dropped":{"minecraft:wheat_seeds":24,"cataclysm:ignitium_ingot":6,"alexsmobs:animal_dictionary":2,"minecraft:cooked_porkchop":1,"minecraft:diamond_leggings":1,"tombstone:gift":1,"minecraft:cobblestone":62,"minecraft:rotten_flesh":4,"minecraft:red_mushroom":1,"biomesoplenty:rose_quartz_shard":2,"minecraft:polished_blackstone_stairs":2,"minecraft:emerald":2,"minecraft:diamond_sword":1,"biomesoplenty:rose_quartz_block":1,"minecraft:diamond_chestplate":1,"alexsmobs:dropbear_claw":8,"minecraft:golden_sword":1,"minecraft:gold_nugget":6,"minecraft:diamond_boots":1,"minecraft:iron_axe":1,"minecraft:polished_basalt":27,"cataclysm:infernal_forge":1,"minecraft:iron_pickaxe":2,"dynamictrees:acacia_seed":1},"minecraft:custom":{"minecraft:interact_with_smithing_table":1,"minecraft:interact_with_furnace":3,"minecraft:mob_kills":22,"minecraft:interact_with_anvil":1,"minecraft:interact_with_crafting_table":4,"minecraft:time_since_death":13830,"minecraft:climb_one_cm":432,"minecraft:damage_resisted":17188,"minecraft:time_since_rest":13196,"minecraft:damage_taken":1462,"minecraft:sprint_one_cm":46447,"minecraft:walk_one_cm":134205,"minecraft:drop":37,"minecraft:damage_dealt":20767,"minecraft:fly_one_cm":70096,"minecraft:open_chest":20,"minecraft:play_time":44788,"tombstone:undead_killed":16,"minecraft:deaths":3,"minecraft:sneak_time":11,"minecraft:jump":277,"minecraft:interact_with_brewingstand":3,"minecraft:interact_with_blast_furnace":5,"minecraft:total_world_time":44788,"minecraft:interact_with_smoker":4,"minecraft:fall_one_cm":12564},"minecraft:killed":{"alexsmobs:dropbear":4,"minecraft:zombified_piglin":16,"cataclysm:ignis":2}},"DataVersion":3120}