{"stats":{"minecraft:crafted":{"minecraft:diamond_sword":1,"minecraft:diamond_leggings":1,"minecraft:cooked_porkchop":4,"minecraft:diamond_boots":1,"minecraft:air":0,"minecraft:diamond_chestplate":1},"minecraft:mined":{"biomesoplenty:small_rose_quartz_bud":1,"biomesoplenty:rose_quartz_block":3},"minecraft:killed_by":{"minecraft:player":1},"minecraft:used":{"minecraft:iron_pickaxe":3,"tombstone:magic_scroll":14,"minecraft:iron_sword":9,"minecraft:diamond_sword":4,"minecraft:cooked_porkchop":4,"biomesoplenty:rose_quartz_block":3,"tombstone:gift":2,"alexsmobs:animal_dictionary":1},"minecraft:picked_up":{"biomesoplenty:rose_quartz_block":3,"minecraft:cooked_porkchop":1,"biomesoplenty:rose_quartz_shard":1,"alexsmobs:animal_dictionary":1,"alexsmobs:dropbear_claw":3,"minecraft:diamond":22,"minecraft:gold_nugget":1},"minecraft:dropped":{"minecraft:diamond_sword":1,"alexsmobs:animal_dictionary":2,"minecraft:cooked_porkchop":1,"biomesoplenty:rose_quartz_shard":1},"minecraft:custom":{"minecraft:time_since_rest":18201,"minecraft:interact_with_smithing_table":1,"minecraft:interact_with_furnace":3,"minecraft:sprint_one_cm":19772,"minecraft:damage_taken":828,"minecraft:walk_one_cm":31513,"minecraft:interact_with_anvil":1,"minecraft:mob_kills":3,"minecraft:drop":5,"minecraft:damage_dealt":950,"minecraft:interact_with_crafting_table":4,"minecraft:fly_one_cm":16038,"minecraft:open_chest":19,"minecraft:play_time":20788,"tombstone:undead_killed":1,"minecraft:deaths":1,"minecraft:sneak_time":3,"minecraft:jump":83,"minecraft:interact_with_brewingstand":3,"minecraft:interact_with_blast_furnace":5,"minecraft:time_since_death":18361,"minecraft:climb_one_cm":432,"minecraft:interact_with_smoker":4,"minecraft:total_world_time":20788,"minecraft:fall_one_cm":1969},"minecraft:killed":{"alexsmobs:dropbear":2,"minecraft:zombified_piglin":1}},"DataVersion":3120}