{"stats":{"minecraft:used":{"minecraft:wooden_axe":23,"minecraft:spruce_planks":9,"tombstone:fishing_rod_of_misadventure":8,"minecraft:fishing_rod":8,"minecraft:anvil":1,"minecraft:crafting_table":2,"tombstone:gift":2},"minecraft:killed":{"minecraft:zombie":1},"minecraft:dropped":{"tombstone:grave_dust":1},"minecraft:crafted":{"biomesoplenty:dead_planks":12,"minecraft:crafting_table":1,"minecraft:spruce_planks":32,"minecraft:stick":8,"minecraft:wooden_pickaxe":3,"minecraft:wooden_axe":1},"minecraft:custom":{"minecraft:time_since_rest":12511,"minecraft:sprint_one_cm":36191,"minecraft:damage_taken":515,"minecraft:walk_one_cm":27544,"minecraft:interact_with_anvil":1,"minecraft:mob_kills":1,"minecraft:drop":1,"minecraft:damage_dealt":338,"minecraft:damage_dealt_absorbed":85,"minecraft:interact_with_crafting_table":3,"minecraft:fly_one_cm":87913,"minecraft:crouch_one_cm":82,"minecraft:play_time":24387,"tombstone:undead_killed":1,"minecraft:deaths":2,"minecraft:sneak_time":207,"minecraft:bell_ring":2,"minecraft:jump":130,"minecraft:damage_dealt_resisted":56,"minecraft:leave_game":3,"minecraft:time_since_death":14564,"minecraft:total_world_time":24387,"minecraft:fish_caught":8,"minecraft:fall_one_cm":2417},"minecraft:killed_by":{"minecraft:zombie":2},"minecraft:mined":{"minecraft:spruce_log":5,"minecraft:powder_snow":9,"dynamictrees:spruce_leaves":1,"minecraft:crafting_table":2,"biomesoplenty:dead_leaves":2,"biomesoplenty:dead_log":3},"minecraft:picked_up":{"minecraft:stick":17,"minecraft:crafting_table":2,"minecraft:salmon":3,"dynamictrees:spruce_seed":2,"biomesoplenty:dead_log":3,"minecraft:lily_pad":1,"tombstone:grave_dust":1,"minecraft:spruce_log":13,"minecraft:leather_boots":1,"minecraft:pufferfish":1,"minecraft:tropical_fish":1,"minecraft:cod":3}},"DataVersion":3120}