{"stats":{"minecraft:custom":{"minecraft:interact_with_smithing_table":3,"minecraft:mob_kills":107,"minecraft:interact_with_anvil":1,"minecraft:interact_with_crafting_table":19,"minecraft:bell_ring":3,"minecraft:damage_dealt_resisted":56,"minecraft:eat_cake_slice":1,"minecraft:leave_game":5,"minecraft:time_since_death":39103,"minecraft:climb_one_cm":292,"minecraft:sprint_one_cm":1086953,"minecraft:walk_one_cm":612762,"minecraft:damage_blocked_by_shield":1825,"minecraft:drop":45,"minecraft:damage_dealt_absorbed":85,"minecraft:talked_to_villager":1,"minecraft:play_time":349715,"minecraft:deaths":15,"minecraft:sneak_time":9230,"minecraft:walk_under_water_one_cm":5890,"minecraft:interact_with_lectern":2,"minecraft:jump":2912,"minecraft:interact_with_blast_furnace":3,"minecraft:walk_on_water_one_cm":19981,"minecraft:total_world_time":349715,"minecraft:interact_with_furnace":9,"tombstone:raider_killed":1,"minecraft:interact_with_loom":1,"minecraft:sleep_in_bed":6,"minecraft:time_since_rest":37363,"minecraft:damage_taken":7959,"minecraft:damage_dealt":18967,"minecraft:swim_one_cm":7698,"minecraft:fly_one_cm":1082982,"minecraft:open_chest":80,"minecraft:crouch_one_cm":17794,"tombstone:undead_killed":63,"minecraft:interact_with_smoker":3,"minecraft:fish_caught":8,"minecraft:fall_one_cm":76357},"minecraft:crafted":{"minecraft:iron_hoe":3,"minecraft:spruce_slab":96,"sophisticatedbackpacks:iron_backpack":1,"biomesoplenty:dead_planks":12,"minecraft:crafting_table":1,"minecraft:spruce_planks":64,"minecraft:iron_helmet":1,"minecraft:wooden_pickaxe":3,"minecraft:iron_sword":1,"sophisticatedbackpacks:gold_backpack":1,"minecraft:air":0,"minecraft:diamond_pickaxe":1,"minecraft:stick":40,"minecraft:iron_ingot":31,"minecraft:wooden_axe":1,"minecraft:diamond_chestplate":1},"minecraft:dropped":{"minecraft:iron_ingot":44,"minecraft:bread":1,"minecraft:iron_sword":1,"minecraft:cooked_beef":12,"minecraft:diamond":12,"minecraft:crafting_table":1,"minecraft:oak_fence":5,"minecraft:cobblestone":28,"tombstone:scroll_of_mercy":1,"alexsmobs:bison_fur":1,"minecraft:pufferfish":1,"minecraft:stick":10,"minecraft:packed_mud":1,"alexsmobs:dropbear_claw":3,"tombstone:grave_dust":9,"minecraft:iron_leggings":1,"minecraft:iron_pickaxe":1,"minecraft:chainmail_leggings":2,"minecraft:string":2,"minecraft:blue_bed":1,"minecraft:beetroot_soup":1,"minecraft:gold_ingot":1,"minecraft:armor_stand":2,"minecraft:cobbled_deepslate":14,"minecraft:iron_boots":2,"sophisticatedbackpacks:backpack":2,"minecraft:turtle_helmet":1,"minecraft:gunpowder":3,"minecraft:spruce_planks":22,"minecraft:iron_chestplate":1,"minecraft:chainmail_boots":2,"minecraft:leather_leggings":1,"sophisticatedbackpacks:copper_backpack":1,"minecraft:stone_pickaxe":1,"minecraft:netherrack":1},"minecraft:used":{"minecraft:flint_and_steel":1,"minecraft:spruce_slab":257,"minecraft:ladder":12,"minecraft:chest":11,"minecraft:spruce_planks":127,"minecraft:shield":19,"minecraft:iron_sword":622,"tombstone:fishing_rod_of_misadventure":8,"minecraft:cooked_chicken":9,"minecraft:netherrack":101,"minecraft:torch":92,"minecraft:anvil":2,"biomesoplenty:jacaranda_pressure_plate":2,"minecraft:spruce_fence":44,"minecraft:obsidian":37,"minecraft:iron_hoe":2,"minecraft:glass":25,"minecraft:wooden_axe":23,"minecraft:lantern":3,"minecraft:iron_axe":28,"minecraft:grass_block":315,"minecraft:packed_mud":87,"minecraft:furnace":1,"tombstone:gift":8,"minecraft:cooked_beef":12,"minecraft:cobbled_deepslate":10,"minecraft:wheat_seeds":2,"minecraft:cooked_mutton":17,"biomesoplenty:jacaranda_door":1,"minecraft:water_bucket":46,"minecraft:stone_pickaxe":6,"minecraft:oak_planks":6,"minecraft:blue_bed":6,"minecraft:spruce_fence_gate":2,"minecraft:crafting_table":7,"minecraft:blast_furnace":1,"minecraft:campfire":2,"minecraft:spruce_log":79,"minecraft:smoker":1,"minecraft:deepslate_tiles":174,"minecraft:diamond_pickaxe":62,"minecraft:bread":52,"minecraft:iron_pickaxe":604,"minecraft:fishing_rod":8,"minecraft:cobblestone":67,"minecraft:porkchop":3,"minecraft:grindstone":1},"minecraft:mined":{"minecraft:nether_gold_ore":3,"minecraft:tuff":27,"minecraft:deepslate_diamond_ore":16,"minecraft:nether_bricks":3,"biomesoplenty:dead_leaves":2,"biomesoplenty:bramble":1,"minecraft:acacia_log":7,"biomesoplenty:rose_quartz_block":1,"minecraft:white_stained_glass":6,"biomesoplenty:dead_grass":1,"minecraft:spawner":9,"minecraft:hay_block":4,"minecraft:fire":55,"minecraft:cobbled_deepslate":2,"dynamictrees:spruce_leaves":1,"minecraft:shroomlight":1,"minecraft:stone":4,"minecraft:spruce_slab":4,"minecraft:soul_wall_torch":2,"minecraft:acacia_leaves":2,"minecraft:soul_sand":7,"minecraft:powder_snow":16,"minecraft:light_gray_terracotta":1,"minecraft:crafting_table":4,"minecraft:torch":1,"minecraft:nether_brick_slab":1,"minecraft:cobblestone":1,"biomesoplenty:sprout":1,"minecraft:blue_bed":2,"minecraft:white_terracotta":1,"minecraft:spruce_log":14,"biomesoplenty:large_rose_quartz_bud":1,"minecraft:grass":2,"biomesoplenty:dead_log":3,"minecraft:coal_ore":20,"minecraft:gravel":12,"minecraft:cobweb":72,"minecraft:netherrack":235,"minecraft:deepslate":335},"minecraft:broken":{"minecraft:iron_sword":1},"minecraft:killed":{"alexsmobs:dropbear":12,"minecraft:cave_spider":4,"minecraft:witch":1,"minecraft:spider":4,"creeperoverhaul:snowy_creeper":1,"minecraft:skeleton":22,"minecraft:drowned":1,"alexsmobs:tusklin":1,"minecraft:magma_cube":22,"alexsmobs:rhinoceros":1,"minecraft:creeper":1,"whisperwoods:zotzpyre":1,"minecraft:zombie":40,"alexsmobs:fly":3,"minecraft:blaze":1,"minecraft:enderman":1},"minecraft:killed_by":{"minecraft:enderman":1,"whisperwoods:zotzpyre":1,"alexsmobs:tusklin":3,"minecraft:hoglin":1,"minecraft:skeleton":3,"minecraft:zombie":5},"minecraft:picked_up":{"minecraft:crafting_table":5,"biomesoplenty:burning_blossom":1,"minecraft:chainmail_boots":2,"minecraft:ladder":1,"minecraft:leather_leggings":1,"minecraft:turtle_helmet":1,"dynamictrees:spruce_seed":2,"minecraft:enchanted_book":1,"biomesoplenty:rose_quartz_shard":3,"minecraft:string":20,"minecraft:armor_stand":5,"minecraft:iron_leggings":1,"minecraft:beetroot_soup":1,"minecraft:item_frame":3,"minecraft:pufferfish":1,"minecraft:shroomlight":1,"alexsmobs:dropbear_claw":11,"minecraft:gold_nugget":14,"minecraft:cobbled_deepslate":92,"minecraft:spruce_slab":8,"minecraft:iron_boots":2,"biomesoplenty:rose_quartz_block":1,"minecraft:stick":18,"minecraft:oak_fence":5,"minecraft:torch":5,"sophisticatedbackpacks:backpack":1,"minecraft:porkchop":3,"tombstone:grave_dust":7,"minecraft:golden_chestplate":1,"minecraft:arrow":12,"minecraft:tropical_fish":1,"minecraft:nether_bricks":2,"tombstone:essence_of_undeath":1,"minecraft:gold_ingot":1,"minecraft:white_terracotta":1,"minecraft:blaze_rod":1,"minecraft:music_disc_wait":1,"minecraft:cod":3,"minecraft:cobblestone":6,"minecraft:salmon":3,"biomesoplenty:dead_log":3,"alexsmobs:bison_fur":1,"minecraft:packed_mud":1,"minecraft:flint":1,"minecraft:lily_pad":1,"minecraft:gunpowder":6,"minecraft:blue_bed":2,"minecraft:lantern":3,"minecraft:leather_boots":1,"minecraft:bone":24,"minecraft:wheat_seeds":5,"minecraft:iron_ingot":15,"minecraft:stone_pickaxe":1,"minecraft:soul_sand":6,"minecraft:iron_sword":1,"minecraft:gravel":8,"minecraft:soul_torch":3,"minecraft:nether_brick_slab":1,"minecraft:spruce_log":21,"tombstone:scroll_of_mercy":1,"minecraft:light_gray_terracotta":1,"biomesoplenty:bramble":1,"minecraft:diamond":22,"minecraft:chainmail_leggings":2,"minecraft:golden_apple":1,"minecraft:bread":1,"alexsmobs:maggot":3,"tombstone:magic_scroll":1,"minecraft:netherrack":227,"minecraft:coal":20,"minecraft:ender_pearl":1}},"DataVersion":3120}