{"stats":{"minecraft:crafted":{"minecraft:blaze_powder":4,"minecraft:iron_boots":2,"tombstone:grave_key":1,"minecraft:ender_eye":6,"minecraft:crafting_table":2,"minecraft:spruce_planks":64,"minecraft:wooden_pickaxe":3,"minecraft:iron_helmet":2,"minecraft:iron_chestplate":2,"minecraft:diamond_pickaxe":1,"minecraft:stick":40,"minecraft:iron_ingot":31,"minecraft:netherite_ingot":1,"minecraft:bone_meal":512,"minecraft:spruce_slab":96,"minecraft:iron_hoe":3,"minecraft:diamond_boots":1,"minecraft:netherite_scrap":4,"sophisticatedbackpacks:iron_backpack":1,"biomesoplenty:dead_planks":12,"minecraft:iron_sword":2,"sophisticatedbackpacks:gold_backpack":1,"minecraft:bread":52,"minecraft:air":0,"minecraft:wooden_axe":2,"minecraft:iron_leggings":2,"minecraft:acacia_planks":8,"minecraft:diamond_chestplate":1},"minecraft:broken":{"minecraft:iron_boots":2,"minecraft:iron_chestplate":2,"minecraft:iron_leggings":2,"minecraft:iron_sword":1,"minecraft:shield":1},"minecraft:mined":{"minecraft:spruce_planks":1,"minecraft:black_terracotta":4,"minecraft:cobblestone_stairs":1,"minecraft:sculk_vein":2,"biomesoplenty:brimstone":5,"minecraft:granite":8,"biomesoplenty:dead_leaves":2,"minecraft:chiseled_polished_blackstone":1,"biomesoplenty:bramble":1,"minecraft:acacia_log":7,"minecraft:grass_block":2,"biomesoplenty:rose_quartz_block":1,"minecraft:cracked_polished_blackstone_bricks":7,"minecraft:polished_blackstone_brick_slab":3,"minecraft:gilded_blackstone":1,"minecraft:spawner":13,"minecraft:polished_blackstone_bricks":23,"minecraft:glowstone":1,"minecraft:iron_ore":2,"minecraft:cobbled_deepslate":2,"minecraft:fire":56,"biomesoplenty:hanging_cobweb":1,"minecraft:iron_bars":1,"biomesoplenty:webbing":2,"dynamictrees:crimson_wart":5,"dynamictrees:jungle_undergrowth_leaves":1,"minecraft:spruce_slab":5,"minecraft:soul_wall_torch":2,"minecraft:polished_blackstone_wall":1,"minecraft:blackstone":8,"minecraft:crimson_nylium":3,"minecraft:soul_fire":10,"minecraft:powder_snow":16,"minecraft:torch":1,"minecraft:light_gray_terracotta":5,"minecraft:blast_furnace":7,"minecraft:melon":16,"minecraft:nether_brick_slab":1,"minecraft:cobblestone":2,"minecraft:grindstone":2,"minecraft:damaged_anvil":1,"dynamictrees:crimson_sapling":3,"minecraft:cauldron":2,"minecraft:white_terracotta":8,"minecraft:chain":1,"minecraft:warped_planks":1,"minecraft:wheat":163,"biomesoplenty:large_rose_quartz_bud":1,"minecraft:grass":23,"biomesoplenty:dead_log":3,"minecraft:beetroots":6,"minecraft:dirt":4,"minecraft:netherrack":243,"minecraft:ancient_debris":4,"minecraft:deepslate":439,"minecraft:nether_gold_ore":4,"minecraft:crying_obsidian":1,"minecraft:tuff":35,"minecraft:deepslate_diamond_ore":23,"minecraft:nether_bricks":7,"minecraft:crimson_roots":1,"minecraft:white_stained_glass":6,"minecraft:soul_campfire":1,"biomesoplenty:dead_grass":1,"minecraft:hay_block":4,"minecraft:packed_mud":3,"dynamictrees:oak_undergrowth_leaves":2,"minecraft:raw_gold_block":6,"minecraft:andesite":102,"dynamictrees:spruce_leaves":1,"minecraft:gold_block":13,"minecraft:bookshelf":2,"minecraft:deepslate_iron_ore":2,"minecraft:shroomlight":1,"minecraft:stone":505,"minecraft:bone_block":79,"minecraft:acacia_leaves":3,"minecraft:soul_sand":7,"minecraft:infested_stone_bricks":1,"minecraft:basalt":2,"minecraft:oak_fence":1,"minecraft:crafting_table":8,"minecraft:blackstone_slab":1,"minecraft:light_gray_wall_banner":3,"minecraft:copper_ore":3,"minecraft:tall_grass":1,"whisperwoods:ghost_light_electric_blue":4,"biomesoplenty:sprout":1,"minecraft:lapis_ore":1,"minecraft:polished_blackstone_brick_stairs":3,"minecraft:sculk":17,"minecraft:blue_bed":2,"minecraft:polished_blackstone_stairs":3,"minecraft:spruce_log":14,"minecraft:coal_ore":22,"minecraft:gravel":20,"minecraft:cobweb":72,"minecraft:brown_terracotta":1,"minecraft:terracotta":10,"minecraft:polished_blackstone":3,"minecraft:stone_bricks":3,"minecraft:mossy_stone_bricks":3,"minecraft:iron_trapdoor":1,"minecraft:fern":5},"minecraft:killed_by":{"minecraft:zombified_piglin":2,"minecraft:wither_skeleton":3,"minecraft:creeper":1,"alexsmobs:elephant":1,"alexsmobs:tusklin":3,"alexsmobs:rhinoceros":2,"minecraft:blaze":1,"minecraft:zombie":6,"cataclysm:ignited_revenant":2,"minecraft:enderman":1,"whisperwoods:zotzpyre":1,"minecraft:warden":4,"minecraft:hoglin":1,"minecraft:skeleton":4,"cataclysm:netherite_monstrosity":8,"cataclysm:ignis":4},"minecraft:picked_up":{"biomesoplenty:burning_blossom":1,"minecraft:wheat":167,"minecraft:creeper_head":1,"minecraft:chainmail_boots":2,"cataclysm:monstrous_horn":1,"minecraft:iron_trapdoor":1,"minecraft:diamond_sword":7,"minecraft:enchanted_book":1,"minecraft:gilded_blackstone":1,"minecraft:golden_sword":1,"minecraft:polished_blackstone_brick_stairs":3,"minecraft:string":41,"minecraft:soul_soil":1,"minecraft:iron_leggings":1,"minecraft:beetroot_soup":1,"minecraft:armor_stand":5,"minecraft:pufferfish":1,"minecraft:shroomlight":1,"alexsmobs:dropbear_claw":16,"minecraft:beetroot":6,"biomesoplenty:brimstone":5,"minecraft:diamond_leggings":1,"alexsmobs:blood_sac":10,"minecraft:gold_nugget":33,"minecraft:cobbled_deepslate":166,"minecraft:spruce_planks":1,"whisperwoods:ghost_light_electric_blue":5,"minecraft:ender_eye":8,"dynamictrees:oak_seed":1,"minecraft:iron_pickaxe":1,"minecraft:melon_slice":71,"minecraft:iron_boots":2,"biomesoplenty:rose_quartz_block":1,"minecraft:polished_blackstone_brick_slab":3,"minecraft:stick":29,"minecraft:polished_blackstone_stairs":2,"minecraft:brown_terracotta":1,"minecraft:oak_fence":6,"minecraft:torch":5,"minecraft:acacia_log":2,"minecraft:porkchop":7,"cataclysm:burning_ashes":2,"tombstone:grave_dust":23,"minecraft:warped_planks":1,"minecraft:light_gray_banner":3,"minecraft:golden_chestplate":1,"minecraft:cauldron":1,"minecraft:rotten_flesh":42,"minecraft:tropical_fish":1,"minecraft:polished_basalt":2,"minecraft:white_terracotta":8,"minecraft:music_disc_wait":1,"minecraft:blaze_rod":2,"minecraft:cod":3,"minecraft:cobblestone":300,"minecraft:andesite":96,"biomesoplenty:dead_log":3,"alexsmobs:bison_fur":1,"minecraft:flint":2,"minecraft:tuff":8,"alexsmobs:cooked_kangaroo_meat":2,"minecraft:lantern":3,"minecraft:lapis_lazuli":9,"minecraft:dirt":17,"minecraft:name_tag":1,"minecraft:leather_boots":1,"minecraft:bone":44,"minecraft:acacia_planks":1,"minecraft:bow":7,"minecraft:wheat_seeds":525,"minecraft:grindstone":1,"minecraft:mossy_stone_bricks":3,"minecraft:glowstone_dust":2,"minecraft:moss_block":1,"minecraft:black_terracotta":4,"minecraft:chiseled_polished_blackstone":1,"minecraft:music_disc_13":1,"dynamictrees:acacia_seed":4,"sophisticatedbackpacks:iron_backpack":2,"tombstone:scroll_of_mercy":1,"minecraft:bundle":5,"minecraft:light_gray_terracotta":5,"minecraft:diamond":39,"minecraft:polished_blackstone_button":1,"minecraft:cracked_polished_blackstone_bricks":6,"minecraft:golden_apple":1,"minecraft:bread":3,"alexsmobs:maggot":18,"minecraft:netherrack":239,"minecraft:crimson_roots":1,"minecraft:diamond_pickaxe":1,"sophisticatedbackpacks:gold_backpack":1,"minecraft:coarse_dirt":3,"minecraft:crafting_table":9,"minecraft:ladder":1,"minecraft:nether_wart":3,"cataclysm:monstrous_eye":10,"minecraft:turtle_helmet":1,"minecraft:leather_leggings":1,"dynamictrees:spruce_seed":2,"cataclysm:monstrous_helm":1,"minecraft:gold_block":20,"biomesoplenty:rose_quartz_shard":4,"minecraft:cornflower":1,"minecraft:iron_axe":1,"minecraft:item_frame":3,"minecraft:blackstone":13,"minecraft:spruce_slab":9,"minecraft:raw_iron":1,"minecraft:stone":2,"minecraft:raw_gold_block":6,"alexsmobs:straddlite":1,"sophisticatedbackpacks:backpack":1,"minecraft:polished_blackstone_bricks":19,"minecraft:carrot":1,"minecraft:arrow":27,"minecraft:diamond_chestplate":1,"minecraft:beetroot_seeds":17,"minecraft:nether_bricks":5,"minecraft:diamond_boots":1,"dynamictrees:crimson_seed":2,"tombstone:essence_of_undeath":2,"minecraft:gold_ingot":1,"minecraft:polished_blackstone":2,"minecraft:bone_block":81,"minecraft:basalt":4,"minecraft:glow_ink_sac":5,"minecraft:salmon":3,"biomesoplenty:goldenrod":4,"minecraft:leather":1,"minecraft:blackstone_slab":1,"minecraft:packed_mud":2,"minecraft:lily_pad":1,"minecraft:ancient_debris":4,"minecraft:golden_boots":1,"minecraft:nether_wart_block":5,"minecraft:gunpowder":13,"minecraft:cobblestone_stairs":1,"alexsmobs:mosquito_proboscis":3,"minecraft:blue_bed":2,"minecraft:cooked_mutton":2,"cataclysm:infernal_forge":2,"minecraft:stone_bricks":3,"minecraft:iron_ingot":17,"minecraft:stone_pickaxe":1,"minecraft:glass_bottle":4,"minecraft:iron_sword":2,"minecraft:soul_sand":6,"minecraft:music_disc_chirp":1,"minecraft:book":6,"minecraft:gravel":14,"minecraft:soul_torch":3,"minecraft:blast_furnace":6,"minecraft:spruce_log":21,"minecraft:nether_brick_slab":3,"minecraft:crying_obsidian":1,"cataclysm:flame_eye":2,"minecraft:spider_eye":10,"biomesoplenty:bramble":6,"minecraft:chainmail_leggings":2,"minecraft:terracotta":9,"tombstone:magic_scroll":4,"minecraft:damaged_anvil":1,"minecraft:coal":24,"minecraft:ender_pearl":2},"minecraft:used":{"minecraft:beetroot":1,"minecraft:spruce_slab":259,"minecraft:ladder":12,"minecraft:diamond_hoe":32,"minecraft:bone_block":138,"minecraft:chest":11,"minecraft:white_terracotta":7,"minecraft:shield":68,"minecraft:iron_sword":722,"minecraft:creeper_head":1,"cataclysm:monstrous_eye":30,"biomesoplenty:jacaranda_pressure_plate":2,"minecraft:music_disc_13":1,"minecraft:obsidian":37,"minecraft:glass":89,"cataclysm:infernal_forge":759,"minecraft:lantern":3,"minecraft:grass_block":315,"minecraft:packed_mud":87,"minecraft:music_disc_chirp":2,"minecraft:bow":306,"minecraft:furnace":1,"minecraft:beetroot_seeds":9,"minecraft:diamond_boots":2,"minecraft:stone_pickaxe":6,"minecraft:oak_planks":6,"minecraft:blue_bed":6,"minecraft:golden_apple":20,"minecraft:blast_furnace":7,"minecraft:deepslate_tiles":174,"minecraft:melon_slice":71,"minecraft:bread":195,"tombstone:grave_key":4,"minecraft:nether_wart_block":5,"minecraft:diamond_sword":444,"minecraft:grindstone":1,"minecraft:smithing_table":2,"minecraft:andesite":107,"minecraft:bone_meal":181,"minecraft:netherite_sword":253,"minecraft:flint_and_steel":1,"minecraft:armor_stand":2,"minecraft:spruce_planks":128,"tombstone:fishing_rod_of_misadventure":8,"whisperwoods:ghost_light_electric_blue":4,"minecraft:cooked_chicken":9,"minecraft:netherrack":214,"minecraft:torch":92,"minecraft:brewing_stand":3,"minecraft:dirt":7,"minecraft:anvil":2,"minecraft:diamond_helmet":1,"minecraft:nether_brick_slab":9,"minecraft:spruce_fence":44,"minecraft:iron_hoe":2,"minecraft:wooden_axe":25,"tombstone:ankh_of_pray":34,"minecraft:iron_axe":34,"minecraft:diamond_chestplate":1,"minecraft:netherite_pickaxe":77,"tombstone:gift":10,"minecraft:cooked_beef":12,"minecraft:cobbled_deepslate":76,"tombstone:decorative_grave_original":2,"minecraft:wheat_seeds":219,"minecraft:cooked_mutton":17,"minecraft:water_bucket":52,"biomesoplenty:jacaranda_door":1,"tombstone:scroll_of_knowledge":3,"minecraft:spruce_fence_gate":2,"minecraft:polished_blackstone_bricks":12,"minecraft:terracotta":8,"minecraft:light_gray_banner":3,"minecraft:crafting_table":14,"minecraft:campfire":2,"minecraft:spruce_log":79,"minecraft:smoker":1,"tombstone:bag_of_seeds":2,"minecraft:wooden_hoe":39,"minecraft:ender_eye":18,"minecraft:diamond_pickaxe":257,"minecraft:iron_pickaxe":668,"tombstone:magic_scroll":10,"minecraft:fishing_rod":11,"cataclysm:flame_eye":23,"minecraft:potion":6,"minecraft:cobblestone":153,"minecraft:porkchop":3,"minecraft:diamond_leggings":1,"minecraft:jukebox":1},"minecraft:dropped":{"sophisticatedbackpacks:iron_backpack":1,"minecraft:iron_sword":1,"minecraft:cooked_beef":12,"minecraft:diamond":34,"minecraft:crafting_table":1,"alexsmobs:bison_fur":1,"sophisticatedbackpacks:gold_backpack":1,"minecraft:packed_mud":1,"minecraft:crimson_roots":1,"minecraft:iron_pickaxe":1,"minecraft:music_disc_stal":1,"minecraft:blue_bed":1,"minecraft:bone":2,"minecraft:gold_ingot":8,"minecraft:armor_stand":3,"minecraft:cobbled_deepslate":17,"minecraft:rotten_flesh":6,"minecraft:black_terracotta":4,"alexsmobs:blood_sac":2,"minecraft:turtle_helmet":1,"minecraft:gunpowder":3,"minecraft:chainmail_boots":2,"tombstone:scroll_of_knowledge":1,"minecraft:leather_leggings":1,"minecraft:arrow":3,"cataclysm:infernal_forge":1,"minecraft:netherrack":1,"alexsmobs:mosquito_proboscis":2,"minecraft:bread":16,"minecraft:iron_ingot":44,"minecraft:oak_fence":5,"minecraft:cobblestone":28,"tombstone:scroll_of_mercy":1,"minecraft:stick":10,"minecraft:pufferfish":1,"alexsmobs:dropbear_claw":3,"minecraft:diamond_helmet":1,"tombstone:grave_dust":9,"minecraft:iron_leggings":1,"minecraft:brown_terracotta":1,"minecraft:chainmail_leggings":2,"minecraft:string":2,"minecraft:acacia_planks":1,"minecraft:beetroot_soup":1,"alexsmobs:maggot":2,"cataclysm:flame_eye":3,"minecraft:light_gray_terracotta":4,"minecraft:iron_boots":2,"sophisticatedbackpacks:backpack":2,"alexsmobs:cooked_kangaroo_meat":2,"minecraft:diamond_sword":5,"minecraft:spruce_planks":22,"minecraft:iron_chestplate":1,"minecraft:spider_eye":7,"cataclysm:monstrous_helm":1,"sophisticatedbackpacks:copper_backpack":1,"minecraft:bow":2,"minecraft:stone_pickaxe":1},"minecraft:custom":{"minecraft:interact_with_crafting_table":53,"minecraft:open_barrel":8,"minecraft:bell_ring":3,"minecraft:eat_cake_slice":1,"minecraft:leave_game":17,"minecraft:time_since_death":415,"minecraft:damage_resisted":490,"minecraft:sprint_one_cm":2445482,"minecraft:damage_blocked_by_shield":4333,"minecraft:drop":86,"minecraft:talked_to_villager":1,"minecraft:play_time":948315,"minecraft:deaths":58,"minecraft:jump":8510,"minecraft:interact_with_brewingstand":1,"minecraft:walk_on_water_one_cm":27278,"minecraft:interact_with_furnace":13,"minecraft:play_record":3,"minecraft:interact_with_loom":1,"minecraft:sleep_in_bed":12,"minecraft:damage_dealt":64731,"minecraft:player_kills":4,"minecraft:crouch_one_cm":32394,"tombstone:undead_killed":177,"minecraft:interact_with_smoker":5,"minecraft:interact_with_smithing_table":10,"minecraft:interact_with_anvil":47,"minecraft:mob_kills":352,"minecraft:damage_dealt_resisted":768,"minecraft:climb_one_cm":2760,"minecraft:walk_one_cm":1505910,"tombstone:consume_soul":1,"minecraft:damage_dealt_absorbed":164,"minecraft:sneak_time":21391,"minecraft:walk_under_water_one_cm":10463,"minecraft:interact_with_lectern":2,"minecraft:interact_with_blast_furnace":10,"minecraft:total_world_time":948315,"tombstone:raider_killed":3,"minecraft:interact_with_grindstone":2,"tombstone:pray_on_grave":2,"minecraft:time_since_rest":1,"minecraft:damage_taken":49065,"minecraft:damage_absorbed":699,"minecraft:swim_one_cm":10723,"minecraft:fly_one_cm":3375873,"minecraft:open_chest":237,"tombstone:use_magic_impregnation":1,"minecraft:fish_caught":8,"minecraft:fall_one_cm":234817},"minecraft:killed":{"minecraft:cave_spider":5,"minecraft:zombified_piglin":13,"minecraft:witch":3,"minecraft:spider":24,"cataclysm:netherite_monstrosity":1,"minecraft:skeleton":50,"whisperwoods:wisp":5,"minecraft:silverfish":3,"alexsmobs:straddler":2,"alexsmobs:laviathan":1,"creeperoverhaul:cave_creeper":1,"alexsmobs:kangaroo":5,"minecraft:magma_cube":22,"minecraft:piglin":6,"minecraft:strider":2,"minecraft:creeper":11,"alexsmobs:crimson_mosquito":22,"minecraft:zombie":106,"alexsmobs:fly":10,"minecraft:blaze":3,"cataclysm:ignited_revenant":2,"alexsmobs:bone_serpent":1,"alexsmobs:dropbear":19,"creeperoverhaul:snowy_creeper":1,"minecraft:drowned":1,"alexsmobs:tusklin":1,"alexsmobs:rhinoceros":1,"minecraft:hoglin":2,"whisperwoods:zotzpyre":2,"minecraft:wither_skeleton":4,"minecraft:enderman":4}},"DataVersion":3120}