{"stats":{"minecraft:picked_up":{"biomesoplenty:burning_blossom":1,"minecraft:chainmail_boots":2,"minecraft:diamond_sword":4,"minecraft:enchanted_book":1,"minecraft:gilded_blackstone":1,"minecraft:polished_blackstone_brick_stairs":2,"minecraft:string":30,"minecraft:iron_leggings":1,"minecraft:beetroot_soup":1,"minecraft:armor_stand":5,"minecraft:pufferfish":1,"minecraft:shroomlight":1,"alexsmobs:dropbear_claw":16,"biomesoplenty:brimstone":5,"alexsmobs:blood_sac":3,"minecraft:gold_nugget":15,"minecraft:cobbled_deepslate":98,"minecraft:spruce_planks":1,"minecraft:ender_eye":5,"minecraft:iron_boots":2,"biomesoplenty:rose_quartz_block":1,"minecraft:stick":18,"minecraft:polished_blackstone_stairs":2,"minecraft:oak_fence":5,"minecraft:torch":5,"minecraft:porkchop":3,"cataclysm:burning_ashes":2,"tombstone:grave_dust":8,"minecraft:warped_planks":1,"minecraft:light_gray_banner":3,"minecraft:golden_chestplate":1,"minecraft:rotten_flesh":13,"minecraft:tropical_fish":1,"minecraft:white_terracotta":1,"minecraft:blaze_rod":2,"minecraft:music_disc_wait":1,"minecraft:cod":3,"minecraft:cobblestone":50,"minecraft:andesite":96,"biomesoplenty:dead_log":3,"alexsmobs:bison_fur":1,"minecraft:flint":2,"alexsmobs:cooked_kangaroo_meat":2,"minecraft:lantern":3,"minecraft:lapis_lazuli":9,"minecraft:dirt":4,"minecraft:leather_boots":1,"minecraft:bone":33,"minecraft:bow":2,"minecraft:wheat_seeds":9,"minecraft:glowstone_dust":2,"minecraft:music_disc_13":1,"sophisticatedbackpacks:iron_backpack":1,"tombstone:scroll_of_mercy":1,"minecraft:bundle":2,"minecraft:light_gray_terracotta":1,"minecraft:diamond":22,"minecraft:cracked_polished_blackstone_bricks":6,"minecraft:golden_apple":1,"minecraft:bread":1,"alexsmobs:maggot":10,"minecraft:netherrack":238,"minecraft:diamond_pickaxe":1,"minecraft:crafting_table":8,"minecraft:nether_wart":3,"minecraft:ladder":1,"minecraft:leather_leggings":1,"cataclysm:monstrous_eye":10,"minecraft:turtle_helmet":1,"dynamictrees:spruce_seed":2,"minecraft:gold_block":20,"biomesoplenty:rose_quartz_shard":4,"minecraft:cornflower":1,"minecraft:item_frame":3,"minecraft:blackstone":10,"minecraft:spruce_slab":8,"minecraft:raw_gold_block":6,"alexsmobs:straddlite":1,"sophisticatedbackpacks:backpack":1,"minecraft:polished_blackstone_bricks":18,"minecraft:arrow":21,"minecraft:nether_bricks":4,"dynamictrees:crimson_seed":1,"tombstone:essence_of_undeath":2,"minecraft:gold_ingot":1,"minecraft:polished_blackstone":2,"minecraft:basalt":2,"minecraft:glow_ink_sac":2,"minecraft:salmon":3,"minecraft:packed_mud":1,"minecraft:lily_pad":1,"minecraft:golden_boots":1,"minecraft:nether_wart_block":5,"minecraft:gunpowder":9,"minecraft:blue_bed":2,"minecraft:iron_ingot":16,"minecraft:stone_pickaxe":1,"minecraft:soul_sand":6,"minecraft:iron_sword":1,"minecraft:gravel":8,"minecraft:soul_torch":3,"minecraft:spruce_log":21,"minecraft:nether_brick_slab":1,"minecraft:crying_obsidian":1,"cataclysm:flame_eye":2,"minecraft:spider_eye":3,"biomesoplenty:bramble":1,"minecraft:chainmail_leggings":2,"minecraft:terracotta":8,"tombstone:magic_scroll":2,"minecraft:coal":24,"minecraft:ender_pearl":1},"minecraft:used":{"minecraft:spruce_slab":259,"minecraft:diamond_hoe":32,"minecraft:ladder":12,"minecraft:chest":11,"minecraft:shield":68,"minecraft:iron_sword":722,"cataclysm:monstrous_eye":30,"biomesoplenty:jacaranda_pressure_plate":2,"minecraft:music_disc_13":1,"minecraft:obsidian":37,"minecraft:glass":89,"minecraft:lantern":3,"minecraft:grass_block":315,"minecraft:packed_mud":87,"minecraft:music_disc_chirp":1,"minecraft:bow":49,"minecraft:furnace":1,"minecraft:diamond_boots":2,"minecraft:stone_pickaxe":6,"minecraft:oak_planks":6,"minecraft:blue_bed":6,"minecraft:blast_furnace":1,"minecraft:deepslate_tiles":174,"minecraft:bread":116,"minecraft:nether_wart_block":5,"minecraft:diamond_sword":298,"minecraft:grindstone":1,"minecraft:andesite":107,"minecraft:flint_and_steel":1,"minecraft:armor_stand":2,"minecraft:spruce_planks":128,"tombstone:fishing_rod_of_misadventure":8,"minecraft:cooked_chicken":9,"minecraft:netherrack":214,"minecraft:torch":92,"minecraft:anvil":2,"minecraft:diamond_helmet":1,"minecraft:spruce_fence":44,"minecraft:iron_hoe":2,"minecraft:wooden_axe":23,"minecraft:iron_axe":34,"minecraft:diamond_chestplate":1,"tombstone:gift":10,"minecraft:cooked_beef":12,"minecraft:cobbled_deepslate":10,"minecraft:wheat_seeds":71,"minecraft:cooked_mutton":17,"biomesoplenty:jacaranda_door":1,"minecraft:water_bucket":52,"tombstone:scroll_of_knowledge":3,"minecraft:spruce_fence_gate":2,"minecraft:polished_blackstone_bricks":12,"minecraft:light_gray_banner":3,"minecraft:terracotta":8,"minecraft:crafting_table":13,"minecraft:campfire":2,"minecraft:spruce_log":79,"minecraft:smoker":1,"minecraft:wooden_hoe":39,"minecraft:ender_eye":9,"minecraft:diamond_pickaxe":247,"minecraft:iron_pickaxe":668,"minecraft:fishing_rod":11,"cataclysm:flame_eye":23,"minecraft:cobblestone":100,"minecraft:porkchop":3,"minecraft:diamond_leggings":1,"minecraft:jukebox":1},"minecraft:mined":{"minecraft:spruce_planks":1,"biomesoplenty:brimstone":5,"biomesoplenty:dead_leaves":2,"biomesoplenty:bramble":1,"minecraft:acacia_log":7,"minecraft:grass_block":2,"biomesoplenty:rose_quartz_block":1,"minecraft:cracked_polished_blackstone_bricks":7,"minecraft:gilded_blackstone":1,"minecraft:spawner":10,"minecraft:polished_blackstone_bricks":20,"minecraft:glowstone":1,"minecraft:cobbled_deepslate":2,"minecraft:fire":56,"dynamictrees:crimson_wart":5,"minecraft:spruce_slab":4,"minecraft:soul_wall_torch":2,"minecraft:blackstone":5,"minecraft:crimson_nylium":3,"minecraft:powder_snow":16,"minecraft:torch":1,"minecraft:light_gray_terracotta":1,"minecraft:nether_brick_slab":1,"minecraft:cobblestone":1,"dynamictrees:crimson_sapling":1,"minecraft:white_terracotta":1,"minecraft:warped_planks":1,"biomesoplenty:large_rose_quartz_bud":1,"minecraft:grass":9,"biomesoplenty:dead_log":3,"minecraft:dirt":2,"minecraft:netherrack":242,"minecraft:deepslate":343,"minecraft:nether_gold_ore":3,"minecraft:crying_obsidian":1,"minecraft:tuff":27,"minecraft:deepslate_diamond_ore":16,"minecraft:nether_bricks":7,"minecraft:white_stained_glass":6,"biomesoplenty:dead_grass":1,"minecraft:hay_block":4,"minecraft:raw_gold_block":6,"minecraft:andesite":98,"dynamictrees:spruce_leaves":1,"minecraft:gold_block":13,"minecraft:shroomlight":1,"minecraft:stone":48,"minecraft:acacia_leaves":2,"minecraft:soul_sand":7,"minecraft:crafting_table":7,"minecraft:light_gray_wall_banner":3,"biomesoplenty:sprout":1,"minecraft:lapis_ore":1,"minecraft:polished_blackstone_brick_stairs":2,"minecraft:blue_bed":2,"minecraft:polished_blackstone_stairs":2,"minecraft:spruce_log":14,"minecraft:coal_ore":22,"minecraft:gravel":13,"minecraft:cobweb":72,"minecraft:terracotta":8,"minecraft:polished_blackstone":2},"minecraft:custom":{"minecraft:interact_with_crafting_table":31,"minecraft:open_barrel":2,"minecraft:bell_ring":3,"minecraft:eat_cake_slice":1,"minecraft:leave_game":13,"minecraft:time_since_death":49372,"minecraft:sprint_one_cm":1652429,"minecraft:damage_blocked_by_shield":4333,"minecraft:drop":58,"minecraft:talked_to_villager":1,"minecraft:play_time":684122,"minecraft:deaths":45,"minecraft:jump":5202,"minecraft:walk_on_water_one_cm":22336,"minecraft:interact_with_furnace":10,"minecraft:play_record":2,"minecraft:interact_with_loom":1,"minecraft:sleep_in_bed":9,"minecraft:damage_dealt":39094,"minecraft:player_kills":1,"minecraft:crouch_one_cm":25267,"tombstone:undead_killed":105,"minecraft:interact_with_smoker":4,"minecraft:interact_with_smithing_table":4,"minecraft:mob_kills":209,"minecraft:interact_with_anvil":36,"minecraft:damage_dealt_resisted":353,"minecraft:climb_one_cm":742,"minecraft:walk_one_cm":999944,"minecraft:damage_dealt_absorbed":164,"minecraft:sneak_time":16621,"minecraft:walk_under_water_one_cm":6198,"minecraft:interact_with_lectern":2,"minecraft:interact_with_blast_furnace":6,"minecraft:total_world_time":684122,"tombstone:raider_killed":1,"minecraft:interact_with_grindstone":1,"minecraft:time_since_rest":48829,"minecraft:damage_taken":20033,"minecraft:swim_one_cm":7698,"minecraft:fly_one_cm":2684617,"minecraft:open_chest":108,"minecraft:fish_caught":8,"minecraft:fall_one_cm":138486},"minecraft:dropped":{"minecraft:iron_sword":1,"minecraft:cooked_beef":12,"minecraft:diamond":12,"minecraft:crafting_table":1,"alexsmobs:bison_fur":1,"minecraft:packed_mud":1,"minecraft:iron_pickaxe":1,"minecraft:blue_bed":1,"minecraft:armor_stand":3,"minecraft:gold_ingot":8,"minecraft:bone":2,"minecraft:cobbled_deepslate":14,"minecraft:rotten_flesh":6,"minecraft:turtle_helmet":1,"minecraft:gunpowder":3,"minecraft:chainmail_boots":2,"minecraft:leather_leggings":1,"minecraft:arrow":1,"minecraft:netherrack":1,"minecraft:iron_ingot":44,"minecraft:bread":1,"minecraft:oak_fence":5,"minecraft:cobblestone":28,"tombstone:scroll_of_mercy":1,"minecraft:stick":10,"minecraft:pufferfish":1,"alexsmobs:dropbear_claw":3,"tombstone:grave_dust":9,"minecraft:iron_leggings":1,"minecraft:chainmail_leggings":2,"minecraft:string":2,"minecraft:beetroot_soup":1,"alexsmobs:maggot":2,"cataclysm:flame_eye":3,"minecraft:iron_boots":2,"sophisticatedbackpacks:backpack":2,"alexsmobs:cooked_kangaroo_meat":2,"minecraft:diamond_sword":3,"minecraft:spruce_planks":22,"minecraft:iron_chestplate":1,"minecraft:spider_eye":1,"sophisticatedbackpacks:copper_backpack":1,"minecraft:stone_pickaxe":1},"minecraft:killed":{"minecraft:cave_spider":4,"minecraft:zombified_piglin":7,"minecraft:witch":1,"minecraft:spider":12,"minecraft:skeleton":33,"alexsmobs:straddler":2,"alexsmobs:kangaroo":4,"minecraft:magma_cube":22,"minecraft:piglin":2,"minecraft:strider":2,"minecraft:creeper":7,"alexsmobs:crimson_mosquito":10,"minecraft:zombie":58,"alexsmobs:fly":9,"minecraft:blaze":3,"cataclysm:ignited_revenant":2,"alexsmobs:dropbear":17,"creeperoverhaul:snowy_creeper":1,"minecraft:drowned":1,"alexsmobs:tusklin":1,"alexsmobs:rhinoceros":1,"whisperwoods:zotzpyre":1,"minecraft:wither_skeleton":4,"minecraft:enderman":2},"minecraft:broken":{"minecraft:iron_sword":1,"minecraft:shield":1},"minecraft:killed_by":{"minecraft:zombified_piglin":1,"minecraft:wither_skeleton":3,"alexsmobs:elephant":1,"alexsmobs:tusklin":3,"alexsmobs:rhinoceros":2,"minecraft:blaze":1,"minecraft:zombie":5,"cataclysm:ignited_revenant":2,"minecraft:enderman":1,"whisperwoods:zotzpyre":1,"minecraft:hoglin":1,"minecraft:skeleton":3,"cataclysm:netherite_monstrosity":5,"cataclysm:ignis":3},"minecraft:crafted":{"minecraft:blaze_powder":4,"tombstone:grave_key":1,"minecraft:ender_eye":4,"minecraft:crafting_table":1,"minecraft:spruce_planks":64,"minecraft:wooden_pickaxe":3,"minecraft:iron_helmet":2,"minecraft:diamond_pickaxe":1,"minecraft:stick":40,"minecraft:iron_ingot":31,"minecraft:spruce_slab":96,"minecraft:iron_hoe":3,"sophisticatedbackpacks:iron_backpack":1,"biomesoplenty:dead_planks":12,"minecraft:iron_sword":2,"sophisticatedbackpacks:gold_backpack":1,"minecraft:air":0,"minecraft:wooden_axe":1,"minecraft:iron_leggings":1,"minecraft:diamond_chestplate":1}},"DataVersion":3120}