{"stats":{"minecraft:used":{"minecraft:wooden_axe":23,"minecraft:crafting_table":2,"tombstone:gift":2,"minecraft:spruce_planks":9},"minecraft:killed":{"minecraft:zombie":1},"minecraft:dropped":{"tombstone:grave_dust":1},"minecraft:crafted":{"biomesoplenty:dead_planks":12,"minecraft:crafting_table":1,"minecraft:spruce_planks":32,"minecraft:stick":8,"minecraft:wooden_pickaxe":3,"minecraft:wooden_axe":1},"minecraft:custom":{"minecraft:time_since_rest":3992,"tombstone:undead_killed":1,"minecraft:crouch_one_cm":82,"minecraft:sprint_one_cm":35724,"minecraft:play_time":15868,"minecraft:deaths":2,"minecraft:damage_taken":515,"minecraft:walk_one_cm":26568,"minecraft:bell_ring":2,"minecraft:sneak_time":207,"minecraft:mob_kills":1,"minecraft:drop":1,"minecraft:damage_dealt_resisted":56,"minecraft:jump":125,"minecraft:damage_dealt":338,"minecraft:leave_game":2,"minecraft:time_since_death":6045,"minecraft:total_world_time":15868,"minecraft:damage_dealt_absorbed":85,"minecraft:fall_one_cm":2417,"minecraft:interact_with_crafting_table":3,"minecraft:fly_one_cm":66414},"minecraft:killed_by":{"minecraft:zombie":2},"minecraft:mined":{"biomesoplenty:dead_leaves":2,"biomesoplenty:dead_log":3,"minecraft:spruce_log":5,"minecraft:powder_snow":9,"dynamictrees:spruce_leaves":1,"minecraft:crafting_table":2},"minecraft:picked_up":{"minecraft:stick":17,"minecraft:crafting_table":2,"dynamictrees:spruce_seed":2,"biomesoplenty:dead_log":3,"minecraft:spruce_log":13}},"DataVersion":3120}