{"stats":{"minecraft:crafted":{"minecraft:blaze_powder":4,"tombstone:grave_key":1,"minecraft:ender_eye":5,"minecraft:crafting_table":1,"minecraft:spruce_planks":64,"minecraft:wooden_pickaxe":3,"minecraft:iron_helmet":2,"minecraft:diamond_pickaxe":1,"minecraft:stick":40,"minecraft:iron_ingot":31,"minecraft:netherite_ingot":1,"minecraft:bone_meal":512,"minecraft:spruce_slab":96,"minecraft:iron_hoe":3,"minecraft:diamond_boots":1,"minecraft:netherite_scrap":4,"sophisticatedbackpacks:iron_backpack":1,"biomesoplenty:dead_planks":12,"minecraft:iron_sword":2,"sophisticatedbackpacks:gold_backpack":1,"minecraft:bread":36,"minecraft:air":0,"minecraft:wooden_axe":1,"minecraft:iron_leggings":1,"minecraft:diamond_chestplate":1},"minecraft:broken":{"minecraft:iron_sword":1,"minecraft:shield":1},"minecraft:mined":{"minecraft:spruce_planks":1,"minecraft:black_terracotta":4,"biomesoplenty:brimstone":5,"biomesoplenty:dead_leaves":2,"minecraft:chiseled_polished_blackstone":1,"biomesoplenty:bramble":1,"minecraft:acacia_log":7,"minecraft:grass_block":2,"biomesoplenty:rose_quartz_block":1,"minecraft:cracked_polished_blackstone_bricks":7,"minecraft:polished_blackstone_brick_slab":3,"minecraft:gilded_blackstone":1,"minecraft:spawner":10,"minecraft:polished_blackstone_bricks":23,"minecraft:glowstone":1,"minecraft:cobbled_deepslate":2,"minecraft:fire":56,"minecraft:iron_bars":1,"dynamictrees:crimson_wart":5,"minecraft:spruce_slab":5,"minecraft:soul_wall_torch":2,"minecraft:polished_blackstone_wall":1,"minecraft:blackstone":5,"minecraft:crimson_nylium":3,"minecraft:soul_fire":10,"minecraft:powder_snow":16,"minecraft:torch":1,"minecraft:light_gray_terracotta":5,"minecraft:blast_furnace":7,"minecraft:nether_brick_slab":1,"minecraft:cobblestone":1,"minecraft:grindstone":2,"minecraft:damaged_anvil":1,"dynamictrees:crimson_sapling":3,"minecraft:cauldron":2,"minecraft:white_terracotta":8,"minecraft:chain":1,"minecraft:warped_planks":1,"minecraft:wheat":163,"biomesoplenty:large_rose_quartz_bud":1,"minecraft:grass":14,"biomesoplenty:dead_log":3,"minecraft:beetroots":6,"minecraft:dirt":2,"minecraft:netherrack":243,"minecraft:ancient_debris":4,"minecraft:deepslate":343,"minecraft:nether_gold_ore":4,"minecraft:crying_obsidian":1,"minecraft:tuff":27,"minecraft:deepslate_diamond_ore":16,"minecraft:nether_bricks":7,"minecraft:crimson_roots":1,"minecraft:white_stained_glass":6,"minecraft:soul_campfire":1,"biomesoplenty:dead_grass":1,"minecraft:hay_block":4,"minecraft:packed_mud":3,"minecraft:raw_gold_block":6,"minecraft:andesite":98,"dynamictrees:spruce_leaves":1,"minecraft:gold_block":13,"minecraft:shroomlight":1,"minecraft:stone":49,"minecraft:bone_block":79,"minecraft:acacia_leaves":3,"minecraft:soul_sand":7,"minecraft:crafting_table":7,"minecraft:blackstone_slab":1,"minecraft:light_gray_wall_banner":3,"minecraft:tall_grass":1,"biomesoplenty:sprout":1,"minecraft:lapis_ore":1,"minecraft:polished_blackstone_brick_stairs":3,"minecraft:blue_bed":2,"minecraft:polished_blackstone_stairs":3,"minecraft:spruce_log":14,"minecraft:coal_ore":22,"minecraft:gravel":13,"minecraft:cobweb":72,"minecraft:brown_terracotta":1,"minecraft:terracotta":8,"minecraft:polished_blackstone":3,"minecraft:iron_trapdoor":1},"minecraft:killed_by":{"minecraft:zombified_piglin":1,"minecraft:wither_skeleton":3,"alexsmobs:elephant":1,"alexsmobs:tusklin":3,"alexsmobs:rhinoceros":2,"minecraft:blaze":1,"minecraft:zombie":5,"cataclysm:ignited_revenant":2,"minecraft:enderman":1,"whisperwoods:zotzpyre":1,"minecraft:hoglin":1,"minecraft:skeleton":3,"cataclysm:netherite_monstrosity":8,"cataclysm:ignis":4},"minecraft:used":{"minecraft:spruce_slab":259,"minecraft:ladder":12,"minecraft:bone_block":138,"minecraft:diamond_hoe":32,"minecraft:white_terracotta":7,"minecraft:chest":11,"minecraft:shield":68,"minecraft:iron_sword":722,"minecraft:creeper_head":1,"cataclysm:monstrous_eye":30,"biomesoplenty:jacaranda_pressure_plate":2,"minecraft:music_disc_13":1,"minecraft:obsidian":37,"minecraft:glass":89,"cataclysm:infernal_forge":130,"minecraft:lantern":3,"minecraft:grass_block":315,"minecraft:packed_mud":87,"minecraft:music_disc_chirp":2,"minecraft:bow":306,"minecraft:furnace":1,"minecraft:beetroot_seeds":9,"minecraft:diamond_boots":2,"minecraft:stone_pickaxe":6,"minecraft:oak_planks":6,"minecraft:blue_bed":6,"minecraft:golden_apple":20,"minecraft:blast_furnace":1,"minecraft:deepslate_tiles":174,"minecraft:bread":162,"tombstone:grave_key":2,"minecraft:nether_wart_block":5,"minecraft:diamond_sword":443,"minecraft:grindstone":1,"minecraft:smithing_table":2,"minecraft:andesite":107,"minecraft:bone_meal":117,"minecraft:netherite_sword":102,"minecraft:flint_and_steel":1,"minecraft:armor_stand":2,"minecraft:spruce_planks":128,"tombstone:fishing_rod_of_misadventure":8,"minecraft:cooked_chicken":9,"minecraft:netherrack":214,"minecraft:torch":92,"minecraft:brewing_stand":3,"minecraft:dirt":7,"minecraft:anvil":2,"minecraft:diamond_helmet":1,"minecraft:nether_brick_slab":9,"minecraft:spruce_fence":44,"minecraft:iron_hoe":2,"minecraft:wooden_axe":23,"tombstone:ankh_of_pray":30,"minecraft:iron_axe":34,"minecraft:diamond_chestplate":1,"minecraft:netherite_pickaxe":34,"tombstone:gift":10,"minecraft:cooked_beef":12,"minecraft:cobbled_deepslate":10,"tombstone:decorative_grave_original":2,"minecraft:wheat_seeds":219,"minecraft:cooked_mutton":17,"minecraft:water_bucket":52,"biomesoplenty:jacaranda_door":1,"tombstone:scroll_of_knowledge":3,"minecraft:spruce_fence_gate":2,"minecraft:polished_blackstone_bricks":12,"minecraft:light_gray_banner":3,"minecraft:terracotta":8,"minecraft:crafting_table":13,"minecraft:campfire":2,"minecraft:spruce_log":79,"minecraft:smoker":1,"minecraft:wooden_hoe":39,"minecraft:ender_eye":9,"minecraft:diamond_pickaxe":257,"minecraft:iron_pickaxe":668,"tombstone:magic_scroll":2,"minecraft:fishing_rod":11,"cataclysm:flame_eye":23,"minecraft:potion":6,"minecraft:cobblestone":100,"minecraft:porkchop":3,"minecraft:diamond_leggings":1,"minecraft:jukebox":1},"minecraft:picked_up":{"biomesoplenty:burning_blossom":1,"minecraft:wheat":160,"minecraft:iron_trapdoor":1,"cataclysm:monstrous_horn":1,"minecraft:chainmail_boots":2,"minecraft:creeper_head":1,"minecraft:diamond_sword":4,"minecraft:enchanted_book":1,"minecraft:gilded_blackstone":1,"minecraft:polished_blackstone_brick_stairs":3,"minecraft:string":33,"minecraft:soul_soil":1,"minecraft:iron_leggings":1,"minecraft:beetroot_soup":1,"minecraft:armor_stand":5,"minecraft:pufferfish":1,"minecraft:shroomlight":1,"minecraft:beetroot":6,"alexsmobs:dropbear_claw":16,"biomesoplenty:brimstone":5,"alexsmobs:blood_sac":10,"minecraft:gold_nugget":31,"minecraft:cobbled_deepslate":98,"minecraft:spruce_planks":1,"minecraft:ender_eye":5,"minecraft:iron_boots":2,"biomesoplenty:rose_quartz_block":1,"minecraft:polished_blackstone_brick_slab":3,"minecraft:stick":18,"minecraft:polished_blackstone_stairs":2,"minecraft:brown_terracotta":1,"minecraft:oak_fence":5,"minecraft:torch":5,"minecraft:porkchop":7,"cataclysm:burning_ashes":2,"tombstone:grave_dust":17,"minecraft:warped_planks":1,"minecraft:light_gray_banner":3,"minecraft:golden_chestplate":1,"minecraft:cauldron":1,"minecraft:rotten_flesh":29,"minecraft:tropical_fish":1,"minecraft:polished_basalt":2,"minecraft:white_terracotta":8,"minecraft:music_disc_wait":1,"minecraft:blaze_rod":2,"minecraft:cod":3,"minecraft:cobblestone":50,"minecraft:andesite":96,"biomesoplenty:dead_log":3,"alexsmobs:bison_fur":1,"minecraft:flint":2,"alexsmobs:cooked_kangaroo_meat":2,"minecraft:lantern":3,"minecraft:lapis_lazuli":9,"minecraft:dirt":17,"minecraft:name_tag":1,"minecraft:leather_boots":1,"minecraft:bone":40,"minecraft:bow":5,"minecraft:wheat_seeds":435,"minecraft:grindstone":1,"minecraft:glowstone_dust":2,"minecraft:moss_block":1,"minecraft:black_terracotta":4,"minecraft:chiseled_polished_blackstone":1,"minecraft:music_disc_13":1,"sophisticatedbackpacks:iron_backpack":1,"tombstone:scroll_of_mercy":1,"minecraft:bundle":4,"minecraft:light_gray_terracotta":5,"minecraft:diamond":22,"minecraft:polished_blackstone_button":1,"minecraft:cracked_polished_blackstone_bricks":6,"minecraft:golden_apple":1,"minecraft:bread":1,"alexsmobs:maggot":17,"minecraft:netherrack":239,"minecraft:crimson_roots":1,"minecraft:diamond_pickaxe":1,"minecraft:coarse_dirt":1,"minecraft:crafting_table":8,"minecraft:nether_wart":3,"minecraft:ladder":1,"minecraft:leather_leggings":1,"cataclysm:monstrous_eye":10,"minecraft:turtle_helmet":1,"dynamictrees:spruce_seed":2,"cataclysm:monstrous_helm":1,"minecraft:gold_block":20,"biomesoplenty:rose_quartz_shard":4,"minecraft:cornflower":1,"minecraft:item_frame":3,"minecraft:blackstone":10,"minecraft:spruce_slab":9,"minecraft:raw_gold_block":6,"alexsmobs:straddlite":1,"sophisticatedbackpacks:backpack":1,"minecraft:polished_blackstone_bricks":19,"minecraft:arrow":23,"minecraft:beetroot_seeds":17,"minecraft:nether_bricks":5,"dynamictrees:crimson_seed":2,"tombstone:essence_of_undeath":2,"minecraft:gold_ingot":1,"minecraft:polished_blackstone":2,"minecraft:bone_block":81,"minecraft:basalt":2,"minecraft:glow_ink_sac":2,"minecraft:salmon":3,"minecraft:leather":1,"minecraft:blackstone_slab":1,"minecraft:packed_mud":2,"minecraft:lily_pad":1,"minecraft:ancient_debris":4,"minecraft:golden_boots":1,"minecraft:nether_wart_block":5,"minecraft:gunpowder":9,"alexsmobs:mosquito_proboscis":3,"minecraft:blue_bed":2,"cataclysm:infernal_forge":2,"minecraft:iron_ingot":17,"minecraft:stone_pickaxe":1,"minecraft:soul_sand":6,"minecraft:iron_sword":2,"minecraft:music_disc_chirp":1,"minecraft:gravel":8,"minecraft:soul_torch":3,"minecraft:blast_furnace":6,"minecraft:spruce_log":21,"minecraft:nether_brick_slab":3,"minecraft:crying_obsidian":1,"cataclysm:flame_eye":2,"minecraft:spider_eye":4,"biomesoplenty:bramble":6,"minecraft:chainmail_leggings":2,"minecraft:terracotta":8,"tombstone:magic_scroll":3,"minecraft:damaged_anvil":1,"minecraft:coal":24,"minecraft:ender_pearl":2},"minecraft:dropped":{"minecraft:iron_sword":1,"minecraft:cooked_beef":12,"minecraft:diamond":12,"minecraft:crafting_table":1,"alexsmobs:bison_fur":1,"minecraft:packed_mud":1,"minecraft:crimson_roots":1,"minecraft:iron_pickaxe":1,"minecraft:blue_bed":1,"minecraft:armor_stand":3,"minecraft:gold_ingot":8,"minecraft:bone":2,"minecraft:cobbled_deepslate":14,"minecraft:black_terracotta":4,"minecraft:rotten_flesh":6,"alexsmobs:blood_sac":2,"minecraft:turtle_helmet":1,"minecraft:gunpowder":3,"minecraft:chainmail_boots":2,"tombstone:scroll_of_knowledge":1,"minecraft:leather_leggings":1,"minecraft:arrow":2,"cataclysm:infernal_forge":1,"minecraft:netherrack":1,"alexsmobs:mosquito_proboscis":2,"minecraft:iron_ingot":44,"minecraft:bread":14,"minecraft:oak_fence":5,"minecraft:cobblestone":28,"tombstone:scroll_of_mercy":1,"minecraft:stick":10,"minecraft:pufferfish":1,"alexsmobs:dropbear_claw":3,"minecraft:diamond_helmet":1,"tombstone:grave_dust":9,"minecraft:brown_terracotta":1,"minecraft:iron_leggings":1,"minecraft:chainmail_leggings":2,"minecraft:string":2,"minecraft:beetroot_soup":1,"alexsmobs:maggot":2,"cataclysm:flame_eye":3,"minecraft:light_gray_terracotta":4,"minecraft:iron_boots":2,"sophisticatedbackpacks:backpack":2,"alexsmobs:cooked_kangaroo_meat":2,"minecraft:diamond_sword":3,"minecraft:spruce_planks":22,"minecraft:iron_chestplate":1,"minecraft:spider_eye":1,"cataclysm:monstrous_helm":1,"sophisticatedbackpacks:copper_backpack":1,"minecraft:bow":2,"minecraft:stone_pickaxe":1},"minecraft:custom":{"minecraft:interact_with_crafting_table":46,"minecraft:open_barrel":2,"minecraft:bell_ring":3,"minecraft:eat_cake_slice":1,"minecraft:leave_game":16,"minecraft:time_since_death":23859,"minecraft:damage_resisted":490,"minecraft:sprint_one_cm":1988708,"minecraft:damage_blocked_by_shield":4333,"minecraft:drop":73,"minecraft:talked_to_villager":1,"minecraft:play_time":828529,"minecraft:deaths":49,"minecraft:jump":6682,"minecraft:interact_with_brewingstand":1,"minecraft:walk_on_water_one_cm":22375,"minecraft:interact_with_furnace":11,"minecraft:play_record":3,"minecraft:interact_with_loom":1,"minecraft:sleep_in_bed":11,"minecraft:damage_dealt":54636,"minecraft:player_kills":1,"minecraft:crouch_one_cm":30409,"tombstone:undead_killed":143,"minecraft:interact_with_smoker":5,"minecraft:interact_with_smithing_table":10,"minecraft:mob_kills":283,"minecraft:interact_with_anvil":45,"minecraft:damage_dealt_resisted":554,"minecraft:climb_one_cm":742,"minecraft:walk_one_cm":1279121,"tombstone:consume_soul":1,"minecraft:damage_dealt_absorbed":164,"minecraft:sneak_time":19289,"minecraft:walk_under_water_one_cm":6198,"minecraft:interact_with_lectern":2,"minecraft:interact_with_blast_furnace":10,"minecraft:total_world_time":828529,"tombstone:raider_killed":1,"minecraft:interact_with_grindstone":1,"tombstone:pray_on_grave":1,"minecraft:time_since_rest":23210,"minecraft:damage_absorbed":699,"minecraft:damage_taken":25359,"minecraft:swim_one_cm":7698,"minecraft:fly_one_cm":3023986,"minecraft:open_chest":177,"tombstone:use_magic_impregnation":1,"minecraft:fish_caught":8,"minecraft:fall_one_cm":190677},"minecraft:killed":{"minecraft:cave_spider":4,"minecraft:zombified_piglin":11,"minecraft:witch":1,"minecraft:spider":16,"cataclysm:netherite_monstrosity":1,"minecraft:skeleton":42,"alexsmobs:straddler":2,"alexsmobs:laviathan":1,"alexsmobs:kangaroo":5,"minecraft:magma_cube":22,"minecraft:piglin":4,"minecraft:strider":2,"minecraft:creeper":10,"alexsmobs:crimson_mosquito":22,"minecraft:zombie":82,"alexsmobs:fly":9,"minecraft:blaze":3,"alexsmobs:bone_serpent":1,"cataclysm:ignited_revenant":2,"alexsmobs:dropbear":17,"creeperoverhaul:snowy_creeper":1,"minecraft:drowned":1,"alexsmobs:tusklin":1,"alexsmobs:rhinoceros":1,"minecraft:hoglin":2,"whisperwoods:zotzpyre":1,"minecraft:wither_skeleton":4,"minecraft:enderman":3}},"DataVersion":3120}