{"stats":{"minecraft:crafted":{"minecraft:bone_meal":294,"minecraft:diamond_helmet":1,"minecraft:diamond_leggings":1,"minecraft:iron_boots":1,"minecraft:diamond_boots":1,"minecraft:golden_boots":1,"minecraft:diamond_sword":1,"minecraft:crafting_table":1,"minecraft:iron_helmet":1,"minecraft:iron_sword":1,"minecraft:bread":7,"minecraft:diamond_pickaxe":1,"minecraft:shield":2,"minecraft:iron_pickaxe":1,"minecraft:torch":8,"minecraft:diamond_chestplate":1},"minecraft:broken":{"minecraft:golden_boots":1,"minecraft:shield":1,"minecraft:iron_sword":1,"minecraft:iron_pickaxe":1,"minecraft:iron_helmet":1},"minecraft:mined":{"minecraft:deepslate_diamond_ore":23,"minecraft:sculk_vein":6,"biomesoplenty:desert_grass":2,"biomesoplenty:brimstone":3,"minecraft:granite":2,"biomesoplenty:burning_blossom":3,"minecraft:nether_bricks":9,"biomesoplenty:bramble":7,"minecraft:grass_block":3,"minecraft:white_stained_glass":6,"minecraft:spruce_leaves":1,"minecraft:moss_block":1,"minecraft:nether_wart":20,"minecraft:spawner":11,"minecraft:redstone_ore":1,"minecraft:iron_ore":18,"minecraft:fire":144,"minecraft:cobbled_deepslate":4,"minecraft:andesite":8,"minecraft:deepslate_lapis_ore":3,"minecraft:gold_block":9,"minecraft:dirt_path":1,"minecraft:deepslate_iron_ore":2,"biomesoplenty:brimstone_bud":1,"biomesoplenty:webbing":23,"minecraft:purple_carpet":1,"minecraft:black_candle":1,"dynamictrees:jungle_undergrowth_leaves":1,"minecraft:stone":137,"biomesoplenty:rose_quartz_cluster":1,"minecraft:bone_block":67,"minecraft:smithing_table":1,"minecraft:deepslate_redstone_ore":9,"minecraft:blackstone":8,"minecraft:powder_snow":33,"biomesoplenty:brimstone_fumarole":1,"minecraft:torch":2,"minecraft:crafting_table":1,"minecraft:emerald_ore":2,"minecraft:melon":9,"minecraft:sculk_sensor":4,"minecraft:campfire":2,"minecraft:nether_quartz_ore":4,"minecraft:tall_grass":6,"biomesoplenty:sprout":7,"minecraft:deepslate_gold_ore":7,"minecraft:lapis_ore":4,"minecraft:sculk":42,"minecraft:iron_door":7,"biomesoplenty:goldenrod":8,"minecraft:wheat":22,"minecraft:creeper_head":1,"minecraft:white_carpet":1,"biomesoplenty:large_rose_quartz_bud":5,"whisperwoods:ghost_light_fiery_orange":18,"minecraft:grass":27,"minecraft:coal_ore":2,"minecraft:cocoa":5,"minecraft:gravel":2,"minecraft:dirt":1,"biomesoplenty:stringy_cobweb":1,"minecraft:cobweb":82,"minecraft:terracotta":1,"minecraft:stone_bricks":1,"minecraft:netherrack":355,"minecraft:deepslate":172,"minecraft:fern":6},"minecraft:killed_by":{"minecraft:player":1,"minecraft:wither_skeleton":2,"minecraft:creeper":2,"whisperwoods:zotzpyre":1,"alexsmobs:straddler":1,"creeperoverhaul:cave_creeper":1,"minecraft:cave_spider":1,"alexsmobs:dropbear":2,"minecraft:skeleton":7,"minecraft:blaze":2,"minecraft:zombie":4,"alexsmobs:crimson_mosquito":2},"minecraft:used":{"minecraft:acacia_log":2,"minecraft:bone_block":8,"minecraft:spruce_planks":12,"minecraft:shield":118,"minecraft:iron_sword":378,"minecraft:rotten_flesh":75,"minecraft:netherrack":198,"minecraft:torch":5,"minecraft:snowball":6,"cataclysm:infernal_forge":218,"whisperwoods:ghost_light_fiery_orange":18,"minecraft:melon_seeds":1,"minecraft:bow":35,"minecraft:beetroot_seeds":6,"tombstone:gift":1,"minecraft:cooked_beef":12,"minecraft:potato":8,"minecraft:cobbled_deepslate":89,"minecraft:beetroot_soup":1,"minecraft:wheat_seeds":23,"minecraft:cooked_mutton":1,"tombstone:scroll_of_knowledge":3,"minecraft:oak_planks":3,"minecraft:golden_apple":5,"minecraft:glow_berries":8,"minecraft:terracotta":1,"minecraft:crafting_table":2,"sophisticatedbackpacks:backpack":3,"minecraft:diamond_pickaxe":548,"minecraft:apple":10,"minecraft:bread":35,"minecraft:melon_slice":29,"minecraft:iron_pickaxe":246,"tombstone:magic_scroll":1,"tombstone:grave_key":1,"minecraft:iron_door":1,"minecraft:diamond_sword":342,"alexsmobs:animal_dictionary":1,"minecraft:bone_meal":169,"minecraft:experience_bottle":1},"minecraft:picked_up":{"minecraft:charcoal":4,"minecraft:cocoa_beans":11,"minecraft:iron_chestplate":1,"minecraft:crafting_table":1,"biomesoplenty:burning_blossom":2,"minecraft:wheat":23,"minecraft:nether_wart":41,"minecraft:creeper_head":1,"minecraft:turtle_helmet":1,"minecraft:leather_leggings":1,"tombstone:tablet_of_home":1,"minecraft:smithing_table":1,"minecraft:diamond_sword":1,"minecraft:gold_block":2,"cataclysm:monstrous_helm":1,"minecraft:string":107,"minecraft:iron_leggings":1,"minecraft:beetroot_soup":1,"minecraft:item_frame":6,"minecraft:armor_stand":2,"minecraft:experience_bottle":2,"alexsmobs:dropbear_claw":19,"alexsmobs:emu_feather":1,"alexsmobs:blood_sac":5,"minecraft:gold_nugget":1,"minecraft:cobbled_deepslate":137,"minecraft:spruce_planks":22,"minecraft:beef":8,"minecraft:player_head":5,"minecraft:melon_slice":51,"minecraft:iron_boots":1,"minecraft:tipped_arrow":3,"minecraft:golden_helmet":1,"minecraft:raw_iron":20,"minecraft:stick":17,"minecraft:oak_fence":6,"minecraft:torch":3,"minecraft:acacia_log":2,"sophisticatedbackpacks:backpack":1,"minecraft:snow_block":2,"tombstone:grave_dust":16,"minecraft:golden_chestplate":1,"minecraft:arrow":27,"minecraft:rotten_flesh":67,"minecraft:beetroot_seeds":6,"minecraft:nether_bricks":5,"dynamictrees:crimson_seed":2,"minecraft:gold_ingot":8,"sophisticatedbackpacks:copper_backpack":3,"minecraft:music_disc_wait":1,"minecraft:blaze_rod":1,"minecraft:bone_block":116,"minecraft:rail":3,"minecraft:cobblestone":78,"minecraft:leather_chestplate":1,"minecraft:feather":1,"minecraft:cooked_beef":12,"minecraft:magma_cream":3,"minecraft:iron_door":4,"minecraft:glow_ink_sac":13,"biomesoplenty:goldenrod":4,"minecraft:music_disc_stal":1,"alexsmobs:acacia_blossom":1,"minecraft:potato":1,"minecraft:gunpowder":7,"alexsmobs:mosquito_proboscis":1,"minecraft:lapis_lazuli":56,"minecraft:blue_bed":1,"minecraft:dirt":1,"minecraft:paper":1,"minecraft:lantern":3,"minecraft:purple_carpet":1,"minecraft:cooked_mutton":1,"minecraft:leather_boots":2,"minecraft:bone":9,"cataclysm:infernal_forge":1,"minecraft:bow":6,"minecraft:wheat_seeds":65,"minecraft:raw_gold":7,"minecraft:iron_ingot":31,"minecraft:diamond_helmet":1,"minecraft:oak_planks":3,"minecraft:moss_block":3,"minecraft:iron_sword":1,"minecraft:acacia_sapling":1,"minecraft:black_candle":4,"dynamictrees:acacia_seed":1,"sophisticatedbackpacks:iron_backpack":1,"minecraft:spider_eye":8,"alexsmobs:animal_dictionary":1,"minecraft:leather_helmet":1,"tombstone:scroll_of_mercy":1,"minecraft:bundle":1,"biomesoplenty:bramble":5,"minecraft:diamond":58,"tombstone:scroll_of_knowledge":1,"minecraft:chainmail_leggings":1,"minecraft:bone_meal":1,"minecraft:emerald":3,"minecraft:bread":14,"minecraft:terracotta":2,"alexsmobs:maggot":2,"tombstone:magic_scroll":4,"whisperwoods:ghost_light_fiery_orange":19,"minecraft:netherrack":255,"minecraft:diamond_pickaxe":2},"minecraft:dropped":{"minecraft:golden_boots":1,"minecraft:iron_sword":2,"minecraft:golden_helmet":1,"minecraft:glow_ink_sac":8,"minecraft:diamond":29,"minecraft:feather":1,"minecraft:oak_fence":3,"minecraft:cobblestone":15,"minecraft:lantern":3,"tombstone:scroll_of_mercy":1,"minecraft:leather_helmet":1,"minecraft:golden_apple":1,"minecraft:item_frame":6,"minecraft:dirt":1,"tombstone:magic_scroll":1,"minecraft:torch":4,"tombstone:grave_key":1,"minecraft:iron_leggings":2,"minecraft:string":4,"minecraft:beetroot_soup":1,"minecraft:redstone":3,"minecraft:armor_stand":2,"minecraft:bone":2,"minecraft:snow_block":2,"dynamictrees:crimson_seed":2,"minecraft:creeper_head":1,"alexsmobs:maggot":2,"biomesoplenty:bramble":5,"minecraft:golden_chestplate":1,"alexsmobs:animal_dictionary":2,"minecraft:bowl":1,"minecraft:rotten_flesh":12,"minecraft:iron_boots":1,"minecraft:name_tag":1,"minecraft:nether_bricks":1,"minecraft:diamond_sword":1,"minecraft:leather_chestplate":1,"minecraft:tipped_arrow":3,"minecraft:gunpowder":3,"minecraft:iron_chestplate":1,"minecraft:diamond_pickaxe":1,"minecraft:beetroot_seeds":9,"minecraft:leather_boots":1,"minecraft:acacia_sapling":1,"minecraft:oak_sapling":12,"minecraft:leather_leggings":1,"minecraft:redstone_torch":1,"minecraft:spider_eye":8,"cataclysm:monstrous_helm":1,"sophisticatedbackpacks:copper_backpack":1,"minecraft:bow":6,"minecraft:beef":8,"cataclysm:infernal_forge":1,"minecraft:purple_carpet":1,"alexsmobs:mosquito_proboscis":1},"minecraft:custom":{"minecraft:interact_with_smithing_table":1,"minecraft:interact_with_anvil":2,"minecraft:mob_kills":188,"minecraft:open_barrel":8,"minecraft:interact_with_crafting_table":14,"minecraft:bell_ring":11,"minecraft:leave_game":6,"minecraft:time_since_death":8170,"minecraft:climb_one_cm":1260,"minecraft:sprint_one_cm":809321,"minecraft:walk_one_cm":1046161,"minecraft:damage_blocked_by_shield":4293,"minecraft:drop":112,"minecraft:play_time":406023,"minecraft:sneak_time":11981,"minecraft:deaths":35,"minecraft:walk_under_water_one_cm":9372,"minecraft:jump":6454,"minecraft:interact_with_blast_furnace":3,"minecraft:walk_on_water_one_cm":21863,"minecraft:total_world_time":406023,"minecraft:interact_with_furnace":3,"tombstone:raider_killed":1,"minecraft:sleep_in_bed":2,"minecraft:time_since_rest":7428,"minecraft:damage_taken":17849,"minecraft:damage_absorbed":200,"minecraft:damage_dealt":26418,"minecraft:swim_one_cm":4633,"minecraft:fly_one_cm":1014680,"minecraft:open_chest":54,"minecraft:crouch_one_cm":42667,"tombstone:undead_killed":75,"minecraft:fall_one_cm":162200},"minecraft:killed":{"alexsmobs:dropbear":18,"minecraft:cave_spider":18,"minecraft:zombified_piglin":10,"minecraft:witch":1,"minecraft:spider":10,"minecraft:skeleton":23,"whisperwoods:wisp":3,"alexsmobs:bison":1,"minecraft:magma_cube":24,"minecraft:piglin":3,"minecraft:creeper":2,"alexsmobs:crimson_mosquito":8,"alexsmobs:emu":2,"whisperwoods:zotzpyre":1,"alexsmobs:cockroach":1,"minecraft:zombie":40,"minecraft:wither_skeleton":2,"creeperoverhaul:savannah_creeper":1,"minecraft:blaze":2}},"DataVersion":3120}