{"stats":{"minecraft:crafted":{"minecraft:diamond_helmet":1,"minecraft:diamond_leggings":1,"minecraft:iron_boots":1,"minecraft:golden_boots":1,"minecraft:crafting_table":1,"minecraft:iron_helmet":1,"minecraft:diamond_pickaxe":1,"minecraft:shield":2,"minecraft:iron_pickaxe":1,"minecraft:bone_meal":294,"minecraft:diamond_boots":1,"minecraft:diamond_sword":1,"minecraft:iron_sword":1,"minecraft:bread":24,"minecraft:torch":8,"minecraft:diamond_chestplate":1},"minecraft:broken":{"minecraft:golden_boots":1,"minecraft:diamond_helmet":1,"minecraft:diamond_boots":1,"minecraft:iron_sword":1,"minecraft:diamond_chestplate":1,"minecraft:shield":1,"minecraft:iron_pickaxe":1,"minecraft:iron_helmet":1},"minecraft:mined":{"minecraft:sculk_vein":7,"biomesoplenty:brimstone":3,"biomesoplenty:burning_blossom":3,"minecraft:granite":2,"biomesoplenty:bramble":7,"minecraft:grass_block":3,"minecraft:nether_wart":20,"minecraft:spawner":12,"minecraft:iron_ore":18,"minecraft:cobbled_deepslate":4,"minecraft:fire":144,"minecraft:deepslate_lapis_ore":3,"minecraft:dirt_path":1,"biomesoplenty:webbing":23,"minecraft:purple_carpet":1,"minecraft:black_candle":1,"dynamictrees:jungle_undergrowth_leaves":1,"minecraft:deepslate_redstone_ore":9,"minecraft:blackstone":8,"minecraft:powder_snow":33,"biomesoplenty:brimstone_fumarole":1,"minecraft:torch":2,"minecraft:calcite":2,"minecraft:melon":9,"minecraft:nether_quartz_ore":4,"minecraft:white_candle":4,"minecraft:iron_door":7,"minecraft:amethyst_block":4,"biomesoplenty:goldenrod":8,"minecraft:deepslate_copper_ore":4,"minecraft:wheat":79,"biomesoplenty:large_rose_quartz_bud":5,"whisperwoods:ghost_light_fiery_orange":20,"minecraft:grass":32,"minecraft:dirt":1,"minecraft:smooth_basalt":1,"minecraft:netherrack":355,"minecraft:deepslate":338,"minecraft:tuff":6,"minecraft:deepslate_diamond_ore":24,"minecraft:candle":1,"biomesoplenty:desert_grass":8,"minecraft:nether_bricks":9,"minecraft:white_stained_glass":6,"minecraft:spruce_leaves":1,"minecraft:moss_block":1,"minecraft:redstone_ore":1,"minecraft:andesite":8,"minecraft:gold_block":9,"minecraft:deepslate_iron_ore":2,"biomesoplenty:brimstone_bud":1,"minecraft:bone_block":67,"minecraft:stone":138,"biomesoplenty:rose_quartz_cluster":1,"minecraft:smithing_table":1,"minecraft:crafting_table":1,"minecraft:emerald_ore":2,"minecraft:sculk_sensor":4,"minecraft:campfire":2,"minecraft:tall_grass":6,"biomesoplenty:sprout":7,"minecraft:lapis_ore":4,"minecraft:deepslate_gold_ore":7,"minecraft:sculk":54,"minecraft:creeper_head":1,"minecraft:white_carpet":1,"minecraft:coal_ore":2,"minecraft:cocoa":5,"minecraft:gravel":3,"biomesoplenty:stringy_cobweb":1,"minecraft:cobweb":82,"minecraft:terracotta":1,"minecraft:stone_bricks":1,"minecraft:fern":6},"minecraft:killed_by":{"minecraft:wither_skeleton":2,"minecraft:creeper":3,"alexsmobs:straddler":1,"creeperoverhaul:cave_creeper":1,"minecraft:cave_spider":1,"alexsmobs:dropbear":2,"minecraft:blaze":2,"minecraft:zombie":4,"minecraft:player":1,"whisperwoods:zotzpyre":1,"minecraft:skeleton":7,"alexsmobs:crimson_mosquito":2,"cataclysm:ignis":1},"minecraft:used":{"minecraft:bone_block":8,"minecraft:shield":120,"minecraft:iron_sword":378,"minecraft:rotten_flesh":75,"minecraft:snowball":6,"cataclysm:infernal_forge":218,"minecraft:bow":35,"minecraft:beetroot_seeds":6,"minecraft:potato":8,"minecraft:oak_planks":3,"minecraft:golden_apple":6,"minecraft:glow_berries":8,"sophisticatedbackpacks:backpack":3,"minecraft:melon_slice":57,"minecraft:bread":52,"tombstone:grave_key":1,"minecraft:iron_door":1,"minecraft:diamond_sword":369,"minecraft:bone_meal":194,"minecraft:experience_bottle":1,"minecraft:netherite_sword":1,"minecraft:acacia_log":2,"minecraft:spruce_planks":12,"minecraft:netherrack":198,"minecraft:torch":5,"whisperwoods:ghost_light_fiery_orange":20,"minecraft:melon_seeds":1,"tombstone:gift":1,"minecraft:cooked_beef":12,"minecraft:cobbled_deepslate":89,"minecraft:beetroot_soup":1,"minecraft:wheat_seeds":83,"minecraft:cooked_mutton":1,"tombstone:scroll_of_knowledge":3,"minecraft:terracotta":2,"minecraft:crafting_table":2,"minecraft:diamond_pickaxe":744,"minecraft:apple":10,"minecraft:iron_pickaxe":246,"tombstone:magic_scroll":1,"minecraft:cooked_porkchop":4,"alexsmobs:animal_dictionary":1,"minecraft:candle":1},"minecraft:picked_up":{"minecraft:iron_chestplate":1,"biomesoplenty:burning_blossom":2,"minecraft:wheat":73,"minecraft:creeper_head":1,"minecraft:smithing_table":1,"tombstone:tablet_of_home":1,"minecraft:diamond_sword":2,"minecraft:string":107,"minecraft:raw_copper":11,"minecraft:armor_stand":2,"minecraft:iron_leggings":1,"minecraft:beetroot_soup":1,"minecraft:experience_bottle":2,"alexsmobs:dropbear_claw":20,"alexsmobs:blood_sac":5,"alexsmobs:emu_feather":1,"minecraft:gold_nugget":3,"minecraft:cobbled_deepslate":264,"minecraft:spruce_planks":22,"minecraft:melon_slice":51,"minecraft:iron_boots":1,"minecraft:golden_helmet":1,"minecraft:tipped_arrow":3,"minecraft:stick":17,"minecraft:oak_fence":6,"minecraft:torch":3,"minecraft:acacia_log":2,"minecraft:snow_block":2,"tombstone:grave_dust":16,"minecraft:golden_chestplate":1,"minecraft:rotten_flesh":71,"minecraft:blaze_rod":1,"minecraft:music_disc_wait":1,"minecraft:cobblestone":142,"minecraft:leather_chestplate":1,"minecraft:feather":1,"minecraft:cooked_beef":12,"minecraft:magma_cream":3,"minecraft:iron_door":4,"minecraft:potato":1,"minecraft:lapis_lazuli":56,"minecraft:dirt":1,"minecraft:lantern":3,"minecraft:leather_boots":2,"minecraft:purple_carpet":1,"minecraft:bone":9,"minecraft:bow":6,"minecraft:wheat_seeds":133,"minecraft:raw_gold":7,"minecraft:diamond_helmet":1,"minecraft:moss_block":3,"minecraft:oak_planks":3,"minecraft:cooked_porkchop":30,"dynamictrees:acacia_seed":1,"sophisticatedbackpacks:iron_backpack":1,"alexsmobs:animal_dictionary":1,"cataclysm:bulwark_of_the_flame":1,"tombstone:scroll_of_mercy":1,"minecraft:bundle":1,"minecraft:white_candle":6,"minecraft:diamond":60,"minecraft:bone_meal":1,"minecraft:bread":14,"minecraft:emerald":3,"alexsmobs:maggot":2,"minecraft:netherrack":255,"minecraft:diamond_pickaxe":3,"minecraft:cocoa_beans":11,"minecraft:charcoal":4,"minecraft:crafting_table":1,"minecraft:nether_wart":41,"minecraft:leather_leggings":1,"minecraft:turtle_helmet":1,"cataclysm:monstrous_helm":2,"minecraft:gold_block":2,"minecraft:item_frame":6,"minecraft:candle":1,"minecraft:netherite_sword":2,"minecraft:beef":8,"minecraft:player_head":5,"minecraft:raw_iron":20,"sophisticatedbackpacks:backpack":1,"minecraft:arrow":30,"minecraft:beetroot_seeds":6,"minecraft:nether_bricks":5,"dynamictrees:crimson_seed":2,"minecraft:gold_ingot":8,"sophisticatedbackpacks:copper_backpack":3,"minecraft:mutton":3,"minecraft:rail":3,"minecraft:bone_block":116,"minecraft:white_wool":2,"minecraft:glow_ink_sac":13,"biomesoplenty:goldenrod":4,"alexsmobs:acacia_blossom":1,"minecraft:music_disc_stal":1,"minecraft:red_mushroom":1,"minecraft:gunpowder":18,"alexsmobs:mosquito_proboscis":1,"minecraft:blue_bed":1,"minecraft:paper":1,"minecraft:cooked_mutton":1,"cataclysm:infernal_forge":1,"minecraft:iron_ingot":31,"minecraft:acacia_sapling":1,"minecraft:iron_sword":1,"minecraft:black_candle":4,"minecraft:spider_eye":8,"minecraft:leather_helmet":1,"biomesoplenty:bramble":5,"tombstone:scroll_of_knowledge":1,"minecraft:chainmail_leggings":1,"cataclysm:the_incinerator":2,"minecraft:terracotta":2,"tombstone:magic_scroll":4,"whisperwoods:ghost_light_fiery_orange":21},"minecraft:dropped":{"minecraft:iron_sword":2,"minecraft:glow_ink_sac":8,"minecraft:diamond":29,"cataclysm:the_incinerator":1,"minecraft:lantern":3,"minecraft:leather_helmet":1,"minecraft:item_frame":6,"minecraft:dirt":1,"alexsmobs:emu_feather":1,"minecraft:bone":2,"minecraft:armor_stand":2,"biomesoplenty:bramble":5,"minecraft:golden_chestplate":1,"alexsmobs:animal_dictionary":2,"minecraft:netherite_sword":1,"minecraft:rotten_flesh":12,"minecraft:leather_chestplate":1,"minecraft:tipped_arrow":3,"minecraft:gunpowder":14,"minecraft:beetroot_seeds":9,"minecraft:leather_boots":1,"minecraft:acacia_sapling":1,"minecraft:leather_leggings":1,"minecraft:beef":8,"cataclysm:infernal_forge":1,"minecraft:purple_carpet":1,"alexsmobs:mosquito_proboscis":1,"minecraft:golden_boots":1,"minecraft:wheat_seeds":10,"minecraft:golden_helmet":1,"minecraft:oak_fence":3,"minecraft:feather":1,"minecraft:cobblestone":143,"tombstone:scroll_of_mercy":1,"minecraft:golden_apple":1,"tombstone:magic_scroll":1,"minecraft:torch":4,"tombstone:grave_key":1,"minecraft:iron_leggings":2,"minecraft:string":4,"dynamictrees:acacia_seed":1,"minecraft:beetroot_soup":1,"minecraft:redstone":3,"minecraft:snow_block":2,"dynamictrees:crimson_seed":2,"minecraft:creeper_head":1,"alexsmobs:maggot":2,"minecraft:raw_copper":11,"minecraft:bowl":1,"minecraft:iron_boots":1,"minecraft:name_tag":1,"minecraft:nether_bricks":1,"minecraft:diamond_sword":2,"minecraft:shield":1,"minecraft:diamond_pickaxe":2,"minecraft:iron_chestplate":1,"minecraft:oak_sapling":12,"minecraft:redstone_torch":1,"minecraft:spider_eye":8,"cataclysm:monstrous_helm":2,"sophisticatedbackpacks:copper_backpack":1,"minecraft:bow":6},"minecraft:custom":{"minecraft:interact_with_crafting_table":16,"minecraft:open_barrel":8,"minecraft:bell_ring":11,"minecraft:leave_game":7,"minecraft:time_since_death":3572,"minecraft:sprint_one_cm":912513,"minecraft:damage_blocked_by_shield":4463,"minecraft:drop":135,"minecraft:play_time":478810,"minecraft:deaths":37,"minecraft:jump":7579,"minecraft:walk_on_water_one_cm":21863,"minecraft:interact_with_furnace":3,"minecraft:sleep_in_bed":2,"minecraft:damage_dealt":30187,"minecraft:crouch_one_cm":53633,"tombstone:undead_killed":86,"minecraft:interact_with_smithing_table":1,"minecraft:mob_kills":202,"minecraft:interact_with_anvil":2,"minecraft:climb_one_cm":4582,"minecraft:walk_one_cm":1186006,"minecraft:sneak_time":14394,"minecraft:walk_under_water_one_cm":9372,"minecraft:interact_with_blast_furnace":3,"minecraft:total_world_time":478810,"tombstone:raider_killed":1,"minecraft:time_since_rest":3444,"minecraft:damage_taken":37555,"minecraft:damage_absorbed":200,"minecraft:swim_one_cm":4633,"minecraft:fly_one_cm":1231777,"minecraft:open_chest":70,"minecraft:fall_one_cm":195090},"minecraft:killed":{"minecraft:cave_spider":18,"minecraft:zombified_piglin":11,"minecraft:witch":1,"minecraft:spider":10,"minecraft:skeleton":26,"whisperwoods:wisp":3,"minecraft:magma_cube":24,"minecraft:piglin":3,"minecraft:creeper":3,"alexsmobs:crimson_mosquito":8,"minecraft:sheep":2,"minecraft:zombie":47,"minecraft:blaze":2,"alexsmobs:dropbear":18,"alexsmobs:bison":1,"alexsmobs:emu":2,"whisperwoods:zotzpyre":1,"alexsmobs:cockroach":1,"minecraft:wither_skeleton":2,"creeperoverhaul:savannah_creeper":1}},"DataVersion":3120}