{"stats":{"minecraft:custom":{"minecraft:interact_with_smithing_table":1,"minecraft:mob_kills":79,"minecraft:interact_with_crafting_table":12,"minecraft:bell_ring":11,"minecraft:leave_game":3,"minecraft:time_since_death":51620,"minecraft:climb_one_cm":164,"minecraft:sprint_one_cm":307903,"minecraft:walk_one_cm":402616,"minecraft:damage_blocked_by_shield":2110,"minecraft:drop":75,"minecraft:play_time":156602,"minecraft:deaths":11,"minecraft:sneak_time":4393,"minecraft:walk_under_water_one_cm":4869,"minecraft:jump":2233,"minecraft:walk_on_water_one_cm":18176,"minecraft:total_world_time":156602,"tombstone:raider_killed":1,"minecraft:sleep_in_bed":1,"minecraft:time_since_rest":21058,"minecraft:damage_taken":7119,"minecraft:damage_dealt":12283,"minecraft:swim_one_cm":357,"minecraft:fly_one_cm":327300,"minecraft:open_chest":31,"minecraft:crouch_one_cm":15700,"tombstone:undead_killed":37,"minecraft:fall_one_cm":53284},"minecraft:crafted":{"minecraft:diamond_helmet":1,"minecraft:diamond_leggings":1,"minecraft:iron_boots":1,"minecraft:diamond_boots":1,"minecraft:diamond_sword":1,"minecraft:crafting_table":1,"minecraft:iron_helmet":1,"minecraft:iron_sword":1,"minecraft:diamond_pickaxe":1,"minecraft:shield":2,"minecraft:iron_pickaxe":1,"minecraft:torch":8,"minecraft:diamond_chestplate":1},"minecraft:dropped":{"minecraft:iron_sword":1,"minecraft:golden_helmet":1,"minecraft:glow_ink_sac":8,"minecraft:diamond":29,"minecraft:oak_fence":3,"minecraft:lantern":3,"tombstone:scroll_of_mercy":1,"minecraft:leather_helmet":1,"minecraft:item_frame":6,"minecraft:torch":4,"tombstone:magic_scroll":1,"minecraft:iron_leggings":2,"minecraft:beetroot_soup":1,"minecraft:bone":2,"minecraft:armor_stand":2,"minecraft:snow_block":2,"minecraft:golden_chestplate":1,"alexsmobs:animal_dictionary":2,"minecraft:bowl":1,"minecraft:rotten_flesh":8,"minecraft:iron_boots":1,"minecraft:leather_chestplate":1,"minecraft:tipped_arrow":3,"minecraft:gunpowder":3,"minecraft:iron_chestplate":1,"minecraft:beetroot_seeds":3,"minecraft:leather_boots":1,"minecraft:oak_sapling":12,"minecraft:leather_leggings":1,"minecraft:spider_eye":5,"minecraft:bow":1,"minecraft:beef":8,"minecraft:purple_carpet":1},"minecraft:used":{"minecraft:spruce_planks":12,"minecraft:shield":72,"minecraft:iron_sword":358,"minecraft:rotten_flesh":22,"minecraft:torch":5,"minecraft:snowball":6,"minecraft:cooked_beef":12,"minecraft:potato":8,"minecraft:cobbled_deepslate":89,"minecraft:beetroot_soup":1,"minecraft:cooked_mutton":1,"minecraft:oak_planks":3,"minecraft:golden_apple":1,"minecraft:glow_berries":8,"minecraft:crafting_table":2,"sophisticatedbackpacks:backpack":3,"minecraft:diamond_pickaxe":9,"minecraft:apple":10,"minecraft:melon_slice":12,"minecraft:bread":15,"minecraft:iron_pickaxe":246,"tombstone:magic_scroll":1,"minecraft:diamond_sword":3,"alexsmobs:animal_dictionary":1,"minecraft:experience_bottle":1},"minecraft:mined":{"minecraft:deepslate_diamond_ore":23,"minecraft:grass_block":3,"minecraft:white_stained_glass":6,"minecraft:spruce_leaves":1,"minecraft:spawner":9,"minecraft:redstone_ore":1,"minecraft:iron_ore":18,"minecraft:cobbled_deepslate":4,"minecraft:deepslate_lapis_ore":3,"minecraft:deepslate_iron_ore":2,"minecraft:dirt_path":1,"minecraft:purple_carpet":1,"minecraft:stone":3,"minecraft:smithing_table":1,"minecraft:deepslate_redstone_ore":8,"minecraft:powder_snow":33,"minecraft:crafting_table":1,"minecraft:torch":2,"minecraft:melon":1,"minecraft:campfire":2,"minecraft:lapis_ore":4,"minecraft:deepslate_gold_ore":7,"minecraft:creeper_head":1,"minecraft:white_carpet":1,"biomesoplenty:large_rose_quartz_bud":1,"minecraft:grass":1,"minecraft:dirt":1,"minecraft:cobweb":79,"minecraft:netherrack":9,"minecraft:deepslate":160},"minecraft:broken":{"minecraft:shield":1,"minecraft:iron_sword":1,"minecraft:iron_pickaxe":1,"minecraft:iron_helmet":1},"minecraft:killed":{"minecraft:cave_spider":18,"minecraft:witch":1,"minecraft:spider":5,"minecraft:skeleton":12,"alexsmobs:bison":1,"whisperwoods:zotzpyre":1,"minecraft:zombie":25,"alexsmobs:cockroach":1},"minecraft:killed_by":{"whisperwoods:zotzpyre":1,"creeperoverhaul:cave_creeper":1,"minecraft:cave_spider":1,"minecraft:skeleton":5,"minecraft:zombie":3},"minecraft:picked_up":{"minecraft:charcoal":4,"minecraft:crafting_table":1,"minecraft:iron_chestplate":1,"minecraft:creeper_head":1,"minecraft:turtle_helmet":1,"minecraft:leather_leggings":1,"minecraft:smithing_table":1,"minecraft:string":103,"minecraft:item_frame":6,"minecraft:beetroot_soup":1,"minecraft:iron_leggings":1,"minecraft:armor_stand":2,"minecraft:experience_bottle":2,"alexsmobs:dropbear_claw":2,"minecraft:cobbled_deepslate":136,"minecraft:spruce_planks":22,"minecraft:beef":8,"minecraft:player_head":5,"minecraft:melon_slice":6,"minecraft:iron_boots":1,"minecraft:golden_helmet":1,"minecraft:tipped_arrow":3,"minecraft:stick":12,"minecraft:raw_iron":20,"minecraft:oak_fence":6,"minecraft:torch":3,"sophisticatedbackpacks:backpack":1,"minecraft:snow_block":2,"tombstone:grave_dust":16,"minecraft:golden_chestplate":1,"minecraft:rotten_flesh":42,"minecraft:arrow":18,"minecraft:gold_ingot":1,"minecraft:music_disc_wait":1,"minecraft:rail":3,"minecraft:leather_chestplate":1,"minecraft:cooked_beef":12,"minecraft:glow_ink_sac":13,"minecraft:potato":1,"minecraft:gunpowder":3,"minecraft:paper":1,"minecraft:lapis_lazuli":56,"minecraft:blue_bed":1,"minecraft:lantern":3,"minecraft:leather_boots":2,"minecraft:purple_carpet":1,"minecraft:cooked_mutton":1,"minecraft:bone":7,"minecraft:bow":1,"minecraft:raw_gold":7,"minecraft:iron_ingot":31,"minecraft:iron_sword":1,"minecraft:oak_planks":3,"alexsmobs:animal_dictionary":1,"minecraft:spider_eye":8,"minecraft:leather_helmet":1,"tombstone:scroll_of_mercy":1,"minecraft:diamond":58,"minecraft:chainmail_leggings":1,"minecraft:emerald":1,"minecraft:bread":1,"tombstone:magic_scroll":4,"minecraft:netherrack":5}},"DataVersion":3120}