{"stats":{"minecraft:custom":{"minecraft:interact_with_smithing_table":1,"minecraft:mob_kills":76,"tombstone:raider_killed":1,"minecraft:interact_with_crafting_table":6,"minecraft:bell_ring":11,"minecraft:leave_game":2,"minecraft:time_since_death":28548,"minecraft:sleep_in_bed":1,"minecraft:time_since_rest":27757,"minecraft:sprint_one_cm":282078,"minecraft:damage_taken":6586,"minecraft:walk_one_cm":348619,"minecraft:damage_blocked_by_shield":2110,"minecraft:drop":67,"minecraft:damage_dealt":11760,"minecraft:swim_one_cm":357,"minecraft:fly_one_cm":247448,"minecraft:open_chest":24,"minecraft:crouch_one_cm":13508,"minecraft:play_time":133530,"minecraft:sneak_time":3648,"tombstone:undead_killed":37,"minecraft:deaths":11,"minecraft:walk_under_water_one_cm":4869,"minecraft:jump":1782,"minecraft:walk_on_water_one_cm":18125,"minecraft:total_world_time":133530,"minecraft:fall_one_cm":41875},"minecraft:crafted":{"minecraft:crafting_table":1,"minecraft:iron_helmet":1,"minecraft:iron_sword":1,"minecraft:iron_boots":1,"minecraft:shield":1,"minecraft:iron_pickaxe":1,"minecraft:torch":8},"minecraft:dropped":{"minecraft:snow_block":2,"minecraft:iron_sword":1,"minecraft:golden_helmet":1,"minecraft:golden_chestplate":1,"minecraft:glow_ink_sac":8,"alexsmobs:animal_dictionary":2,"minecraft:bowl":1,"minecraft:diamond":23,"minecraft:rotten_flesh":8,"minecraft:lantern":3,"tombstone:scroll_of_mercy":1,"minecraft:leather_helmet":1,"minecraft:item_frame":6,"minecraft:leather_chestplate":1,"minecraft:tipped_arrow":3,"minecraft:gunpowder":3,"tombstone:magic_scroll":1,"minecraft:torch":4,"minecraft:iron_chestplate":1,"minecraft:beetroot_seeds":3,"minecraft:leather_boots":1,"minecraft:oak_sapling":12,"minecraft:leather_leggings":1,"minecraft:iron_leggings":2,"minecraft:spider_eye":5,"minecraft:bow":1,"minecraft:beef":8,"minecraft:beetroot_soup":1,"minecraft:bone":2,"minecraft:purple_carpet":1,"minecraft:armor_stand":2},"minecraft:mined":{"minecraft:smithing_table":1,"minecraft:deepslate_redstone_ore":8,"minecraft:deepslate_diamond_ore":23,"minecraft:powder_snow":33,"minecraft:torch":2,"minecraft:crafting_table":1,"minecraft:grass_block":3,"minecraft:melon":1,"minecraft:white_stained_glass":6,"minecraft:campfire":2,"minecraft:spruce_leaves":1,"minecraft:deepslate_gold_ore":7,"minecraft:lapis_ore":4,"minecraft:spawner":9,"minecraft:redstone_ore":1,"minecraft:iron_ore":18,"minecraft:cobbled_deepslate":4,"minecraft:creeper_head":1,"minecraft:white_carpet":1,"minecraft:deepslate_lapis_ore":3,"minecraft:deepslate_iron_ore":2,"minecraft:dirt_path":1,"minecraft:purple_carpet":1,"minecraft:dirt":1,"minecraft:cobweb":79,"minecraft:stone":3,"minecraft:deepslate":160},"minecraft:used":{"minecraft:cooked_mutton":1,"minecraft:oak_planks":3,"minecraft:spruce_planks":12,"minecraft:shield":72,"minecraft:torch":5,"minecraft:rotten_flesh":11,"minecraft:iron_sword":347,"minecraft:glow_berries":8,"minecraft:crafting_table":2,"minecraft:snowball":6,"minecraft:apple":10,"minecraft:bread":15,"minecraft:iron_pickaxe":246,"tombstone:magic_scroll":1,"alexsmobs:animal_dictionary":1,"minecraft:experience_bottle":1,"minecraft:cooked_beef":12,"minecraft:potato":8,"minecraft:cobbled_deepslate":89,"minecraft:beetroot_soup":1},"minecraft:broken":{"minecraft:shield":1,"minecraft:iron_sword":1,"minecraft:iron_pickaxe":1,"minecraft:iron_helmet":1},"minecraft:killed":{"minecraft:cave_spider":18,"minecraft:witch":1,"minecraft:spider":5,"whisperwoods:zotzpyre":1,"minecraft:skeleton":12,"alexsmobs:cockroach":1,"minecraft:zombie":25,"alexsmobs:bison":1},"minecraft:killed_by":{"creeperoverhaul:cave_creeper":1,"minecraft:cave_spider":1,"minecraft:skeleton":5,"minecraft:zombie":3,"whisperwoods:zotzpyre":1},"minecraft:picked_up":{"minecraft:charcoal":4,"minecraft:iron_chestplate":1,"minecraft:crafting_table":1,"minecraft:leather_chestplate":1,"minecraft:cooked_beef":12,"minecraft:creeper_head":1,"minecraft:glow_ink_sac":13,"minecraft:turtle_helmet":1,"minecraft:leather_leggings":1,"minecraft:smithing_table":1,"minecraft:potato":1,"minecraft:gunpowder":3,"minecraft:blue_bed":1,"minecraft:lapis_lazuli":56,"minecraft:string":103,"minecraft:paper":1,"minecraft:lantern":3,"minecraft:cooked_mutton":1,"minecraft:purple_carpet":1,"minecraft:iron_leggings":1,"minecraft:leather_boots":2,"minecraft:beetroot_soup":1,"minecraft:item_frame":6,"minecraft:armor_stand":2,"minecraft:bone":7,"minecraft:experience_bottle":2,"minecraft:bow":1,"minecraft:cobbled_deepslate":136,"minecraft:raw_gold":7,"minecraft:spruce_planks":22,"minecraft:iron_ingot":31,"minecraft:beef":8,"minecraft:player_head":5,"minecraft:melon_slice":6,"minecraft:oak_planks":3,"minecraft:iron_sword":1,"minecraft:raw_iron":20,"minecraft:tipped_arrow":3,"minecraft:golden_helmet":1,"minecraft:stick":12,"minecraft:oak_fence":3,"minecraft:torch":3,"minecraft:snow_block":2,"tombstone:grave_dust":16,"minecraft:golden_chestplate":1,"minecraft:spider_eye":8,"alexsmobs:animal_dictionary":1,"minecraft:leather_helmet":1,"tombstone:scroll_of_mercy":1,"minecraft:arrow":18,"minecraft:rotten_flesh":42,"minecraft:diamond":58,"minecraft:chainmail_leggings":1,"minecraft:gold_ingot":1,"minecraft:bread":1,"minecraft:emerald":1,"tombstone:magic_scroll":4,"minecraft:music_disc_wait":1,"minecraft:rail":3}},"DataVersion":3120}