{
  "biomesoplenty:biomesoplenty/root": {
    "criteria": {
      "muskeg": "2024-06-25 14:31:55 +0000"
    },
    "done": true
  },
  "minecraft:husbandry/root": {
    "criteria": {
      "consumed_item": "2024-06-25 14:19:08 +0000"
    },
    "done": true
  },
  "biomesoplenty:biomesoplenty/all_biomes": {
    "criteria": {
      "muskeg": "2024-06-25 14:31:55 +0000",
      "cold_desert": "2024-06-25 14:32:32 +0000",
      "tundra": "2024-06-25 14:32:06 +0000"
    },
    "done": false
  },
  "whisperwoods:recipes/whisperwoods/hand_of_fate": {
    "criteria": {
      "has_blaze_powder": "2024-06-25 14:18:21 +0000"
    },
    "done": true
  },
  "tombstone:adventure/root": {
    "criteria": {
      "auto": "2024-06-25 14:18:23 +0000"
    },
    "done": true
  },
  "cataclysm:root": {
    "criteria": {
      "custom_test_name": "2024-06-25 14:18:22 +0000"
    },
    "done": true
  },
  "repurposed_structures:root": {
    "criteria": {
      "always": "2024-06-25 14:18:22 +0000"
    },
    "done": true
  },
  "minecraft:adventure/adventuring_time": {
    "criteria": {
      "minecraft:frozen_river": "2024-06-25 14:34:51 +0000",
      "minecraft:snowy_plains": "2024-06-25 14:18:23 +0000",
      "minecraft:frozen_ocean": "2024-06-25 14:32:36 +0000"
    },
    "done": false
  },
  "alexsmobs:alexsmobs/root": {
    "criteria": {
      "useitem": "2024-06-25 14:19:08 +0000"
    },
    "done": true
  },
  "DataVersion": 3120
}